ticker,company_name,report_period_end,publish_date,report_type,accounting_standard,language,source_url,source_name,local_path,report_revenue,report_ebitda,report_net_profit,report_operating_cash_flow,report_free_cash_flow,report_capex,report_total_debt,report_short_term_debt,report_long_term_debt,report_cash_and_equivalents,report_interest_expense,report_total_assets,report_total_equity,report_dividends,report_provisions,report_cet1_ratio,report_text_length,report_word_count,report_sanctions_count,report_sanctions_flag,report_currency_fx_count,report_currency_fx_flag,report_liquidity_refinancing_count,report_liquidity_refinancing_flag,report_covenant_count,report_covenant_flag,report_impairment_count,report_impairment_flag,report_litigation_count,report_litigation_flag,report_going_concern_count,report_going_concern_flag,report_dividend_pressure_count,report_dividend_pressure_flag,report_tax_pressure_count,report_tax_pressure_flag,report_capex_pressure_count,report_capex_pressure_flag,report_demand_pressure_count,report_demand_pressure_flag,report_auditor_emphasis_count,report_auditor_emphasis_flag,report_related_party_count,report_related_party_flag,report_text_risk_terms_total,report_text_risk_density,report_net_debt,report_net_debt_to_ebitda,report_interest_coverage,report_ebitda_margin,report_net_margin,report_operating_cf_margin,report_free_cf_margin,report_capex_intensity,report_equity_ratio,report_debt_to_assets,report_short_debt_share,report_financial_pressure,report_extraction_quality,report_revenue_missing,report_ebitda_missing,report_net_profit_missing,report_operating_cash_flow_missing,report_free_cash_flow_missing,report_capex_missing,report_total_debt_missing,report_short_term_debt_missing,report_long_term_debt_missing,report_cash_and_equivalents_missing,report_interest_expense_missing,report_total_assets_missing,report_total_equity_missing,report_dividends_missing,report_provisions_missing,report_cet1_ratio_missing,report_document_available,report_revenue_yoy_change,report_ebitda_yoy_change,report_net_profit_yoy_change,report_operating_cash_flow_yoy_change,report_free_cash_flow_yoy_change,report_total_debt_yoy_change,report_net_debt_yoy_change,report_cash_and_equivalents_yoy_change
TCK01,TCK01,2023-09-30,2023-11-14,synthetic_ifrs_interim,IFRS,ru,,synthetic_demo,,686073521.0,87039178.0,-2851902.0,,123233092.0,32902386.0,250824517.0,,,28776614.0,11348784.0,1638272821.0,1350154708.0,,,,599.0,91.0,0.0,0.0,0.0,0.0,0.0,0.0,0.0,0.0,0.0,0.0,0.0,0.0,1.0,1.0,0.0,0.0,0.0,0.0,0.0,0.0,0.0,0.0,0.0,0.0,0.0,0.0,1.0,0.01098901098901099,222047903.0,2.551125919410682,7.669471724900219,0.1268656715874041,-0.004156846041577518,,0.1796208252147367,0.0479575220335606,0.8241330080638627,0.153103020318006,,0.28977600907415296,0.8527300000000001,0.0,0.0,0.0,1.0,0.0,0.0,0.0,1.0,1.0,0.0,0.0,0.0,0.0,1.0,1.0,1.0,1.0,,,,,,,,
TCK01,TCK01,2023-12-31,2024-04-09,synthetic_ifrs_annual,IFRS,ru,,synthetic_demo,,335785273.0,39720114.0,-15497088.0,,-6622815.0,9069336.0,190797978.0,,,23095686.0,6194064.0,752733054.0,525104931.0,,,,686.0,101.0,0.0,0.0,0.0,0.0,1.0,1.0,0.0,0.0,0.0,0.0,0.0,0.0,0.0,0.0,0.0,0.0,0.0,0.0,1.0,1.0,0.0,0.0,0.0,0.0,0.0,0.0,2.0,0.019801980198019802,167702292.0,4.222099966782572,6.412609556504421,0.11829022054817752,-0.04615177986081599,,-0.01972336350796421,0.027009332240726353,0.697597811348404,0.25347362785001337,,0.41662876589763276,0.8530300000000001,0.0,0.0,0.0,1.0,0.0,0.0,0.0,1.0,1.0,0.0,0.0,0.0,0.0,1.0,1.0,1.0,1.0,-0.5105695487116751,-0.5436524687767617,-4.433948291350825,,-1.0537421799008337,-0.23931687268035284,-0.2447472381668923,-0.1974147479616608
TCK01,TCK01,2024-03-31,2024-05-15,synthetic_ifrs_interim,IFRS,ru,,synthetic_demo,,440156558.0,142839138.0,79896307.0,,102920866.0,37465885.0,468665612.0,,,18715147.0,46612604.0,728985986.0,136882057.0,,,,595.0,89.0,0.0,0.0,0.0,0.0,1.0,1.0,0.0,0.0,0.0,0.0,0.0,0.0,0.0,0.0,0.0,0.0,0.0,0.0,0.0,0.0,0.0,0.0,0.0,0.0,0.0,0.0,1.0,0.011235955056179775,449950465.0,3.150050268435532,3.0643887219860106,0.3245189362826669,0.18151792935458205,,0.23382785994977723,0.08511945197463126,0.18777049165386836,0.6429007155152637,,0.32856562594229344,0.85267,0.0,0.0,0.0,1.0,0.0,0.0,0.0,1.0,1.0,0.0,0.0,0.0,0.0,1.0,1.0,1.0,1.0,0.31082746443141357,2.5961411893228705,6.1555690333564606,,16.540350440107417,1.4563447522488944,1.683031100135471,-0.1896691442722247
TCK01,TCK01,2024-06-30,2024-08-14,synthetic_ifrs_interim,IFRS,ru,,synthetic_demo,,638130813.0,44466865.0,-43360059.0,,226795824.0,21432941.0,167148781.0,,,39014093.0,12519119.0,1126378289.0,973667926.0,,,,599.0,90.0,0.0,0.0,0.0,0.0,0.0,0.0,0.0,0.0,0.0,0.0,0.0,0.0,1.0,1.0,0.0,0.0,0.0,0.0,0.0,0.0,0.0,0.0,0.0,0.0,0.0,0.0,1.0,0.011111111111111112,128134688.0,2.881576832547111,3.5519164727166506,0.06968299303860759,-0.06794854302075522,,0.3554064768221747,0.033587064851544786,0.8644235560190205,0.14839488885070298,,0.2811549045609081,0.8527000000000001,0.0,0.0,0.0,1.0,0.0,0.0,0.0,1.0,1.0,0.0,0.0,0.0,0.0,1.0,1.0,1.0,1.0,0.44978145026297667,-0.6886927096969739,-1.5427041702941289,,1.2035942060573024,-0.6433517272865328,-0.7152249014788772,1.084626586155054
TCK01,TCK01,2024-09-30,2024-11-14,synthetic_ifrs_interim,IFRS,ru,,synthetic_demo,,301352847.0,70205573.0,35363153.0,,-15992813.0,25383323.0,132024797.0,,,6988633.0,46782281.0,705601646.0,558284126.0,,,,695.0,103.0,0.0,0.0,0.0,0.0,0.0,0.0,1.0,1.0,0.0,0.0,0.0,0.0,0.0,0.0,0.0,0.0,0.0,0.0,1.0,1.0,0.0,0.0,0.0,0.0,0.0,0.0,2.0,0.019417475728155338,125036164.0,1.7810005482043427,1.500687258066788,0.2329680097563505,0.11734799704746111,,-0.053070057771845106,0.08423123674686903,0.7912171537082837,0.18710953658971483,,0.37116430221284524,0.8530900000000001,0.0,0.0,0.0,1.0,0.0,0.0,0.0,1.0,1.0,0.0,0.0,0.0,0.0,1.0,1.0,1.0,1.0,-0.5277569412715383,0.5788289325096339,1.8155697620245397,,-1.0705163468971104,-0.21013604640048197,-0.024181773478856874,-0.82086901264115
TCK01,TCK01,2024-12-31,2025-04-10,synthetic_ifrs_annual,IFRS,ru,,synthetic_demo,,503764022.0,57819359.0,7321327.0,,113173502.0,3807659.0,77522511.0,,,19005152.0,5787139.0,1287644535.0,1191008030.0,,,,596.0,91.0,0.0,0.0,0.0,0.0,0.0,0.0,0.0,0.0,0.0,0.0,0.0,0.0,1.0,1.0,0.0,0.0,0.0,0.0,0.0,0.0,0.0,0.0,0.0,0.0,0.0,0.0,1.0,0.01098901098901099,58517359.0,1.0120720812556916,9.991009201610675,0.11477468909044083,0.014533247076544898,,0.2246557853629333,0.007558417897497253,0.9249509454097904,0.060204900415315316,,0.20631089837616592,0.8527300000000001,0.0,0.0,0.0,1.0,0.0,0.0,0.0,1.0,1.0,0.0,0.0,0.0,0.0,1.0,1.0,1.0,1.0,0.671675004948601,-0.17642778871700115,-0.7929673578597474,,8.076522560477635,-0.4128185555930073,-0.5319965270207746,1.7194376926074098
TCK01,TCK01,2025-03-31,2025-05-15,synthetic_ifrs_interim,IFRS,ru,,synthetic_demo,,453063931.0,149971687.0,94230539.0,,57564055.0,5093717.0,336146018.0,,,13470468.0,41031253.0,815552004.0,539272959.0,,,,594.0,89.0,0.0,0.0,0.0,0.0,0.0,0.0,0.0,0.0,0.0,0.0,0.0,0.0,1.0,1.0,0.0,0.0,0.0,0.0,0.0,0.0,0.0,0.0,0.0,0.0,0.0,0.0,1.0,0.011235955056179775,322675550.0,2.151576450560298,3.6550598881296654,0.33101661098684987,0.2079850823525389,,0.1270550380670228,0.011242821711181418,0.6612367529661543,0.4121699368664662,,0.3053317116917788,0.85267,0.0,0.0,0.0,1.0,0.0,0.0,0.0,1.0,1.0,0.0,0.0,0.0,0.0,1.0,1.0,1.0,1.0,-0.10064254052664365,1.5937971225173908,11.870691201198909,,-0.4913645510412853,3.3361084885395416,4.514185115565451,-0.29122019124077514
TCK01,TCK01,2025-06-30,2025-08-14,synthetic_ifrs_interim,IFRS,ru,,synthetic_demo,,260535677.0,97085451.0,67319834.0,,7449224.0,4447066.0,180356608.0,,,14108645.0,21625932.0,577644914.0,346111242.0,,,,592.0,89.0,0.0,0.0,0.0,0.0,0.0,0.0,0.0,0.0,0.0,0.0,0.0,0.0,1.0,1.0,0.0,0.0,0.0,0.0,0.0,0.0,0.0,0.0,0.0,0.0,0.0,0.0,1.0,0.011235955056179775,166247963.0,1.712388017850378,4.489307142924522,0.37263783646797827,0.2583900783768666,,0.02859195364633305,0.01706893294310706,0.5991764726244954,0.3122274664397028,,0.3042034580216081,0.85267,0.0,0.0,0.0,1.0,0.0,0.0,0.0,1.0,1.0,0.0,0.0,0.0,0.0,1.0,1.0,1.0,1.0,-0.42494721125791846,-0.35264146891939674,-0.2855836895934555,,-0.8705924382846205,-0.463457550165,-0.484782894148627,0.04737600801991438
TCK02,TCK02,2023-09-30,2023-11-14,synthetic_ifrs_interim,IFRS,ru,,synthetic_demo,,704755464.0,186218042.0,114148661.0,,42686811.0,50919638.0,234424326.0,,,27149284.0,33820609.0,1271614046.0,1061866237.0,,,,600.0,91.0,0.0,0.0,0.0,0.0,0.0,0.0,0.0,0.0,0.0,0.0,0.0,0.0,1.0,1.0,0.0,0.0,0.0,0.0,0.0,0.0,0.0,0.0,0.0,0.0,0.0,0.0,1.0,0.01098901098901099,207275042.0,1.113077120636893,5.506052300832312,0.2642307176209421,0.1619691748853188,,0.06056967725758562,0.07225149800328473,0.8350538753014057,0.18435179033874874,,0.2642953121897424,0.8527300000000001,0.0,0.0,0.0,1.0,0.0,0.0,0.0,1.0,1.0,0.0,0.0,0.0,0.0,1.0,1.0,1.0,1.0,,,,,,,,
TCK02,TCK02,2023-12-31,2024-04-09,synthetic_ifrs_annual,IFRS,ru,,synthetic_demo,,948682147.0,324757916.0,248863344.0,,132898948.0,127823439.0,41538281.0,,,41538281.0,71447240.0,1366447635.0,1366447635.0,,,,593.0,89.0,0.0,0.0,0.0,0.0,0.0,0.0,0.0,0.0,0.0,0.0,0.0,0.0,1.0,1.0,0.0,0.0,0.0,0.0,0.0,0.0,0.0,0.0,0.0,0.0,0.0,0.0,1.0,0.011235955056179775,0.0,0.0,4.545422832288553,0.3423253162579015,0.262325316004919,,0.14008796141074636,0.13473789867788036,1.0,0.03039873606279834,,0.20104378966962086,0.85267,0.0,0.0,0.0,1.0,0.0,0.0,0.0,1.0,1.0,0.0,0.0,0.0,0.0,1.0,1.0,1.0,1.0,0.346115348457944,0.7439659042274754,1.180168753797296,,2.113349179445614,-0.8228072926185996,-1.0,0.5299954503404215
TCK02,TCK02,2024-03-31,2024-05-15,synthetic_ifrs_interim,IFRS,ru,,synthetic_demo,,1367876977.0,164409344.0,16502711.0,,360971747.0,39068692.0,315537901.0,,,84307606.0,183065455.0,2941479442.0,2639767364.0,,,,610.0,94.0,0.0,0.0,0.0,0.0,0.0,0.0,1.0,1.0,0.0,0.0,0.0,0.0,0.0,0.0,0.0,0.0,0.0,0.0,0.0,0.0,0.0,0.0,0.0,0.0,0.0,0.0,1.0,0.010638297872340425,231230295.0,1.406430372959824,0.8980904890002321,0.120193077860393,0.012064470180785856,,0.2638919676765639,0.028561553894769588,0.8974284594031169,0.107271836238113,,0.3009273913022831,0.8528200000000001,0.0,0.0,0.0,1.0,0.0,0.0,0.0,1.0,1.0,0.0,0.0,0.0,0.0,1.0,1.0,1.0,1.0,0.4418706848501493,-0.4937480015113781,-0.9336876587176294,,1.716136977999254,6.596315817691155,,1.0296363732529037
TCK02,TCK02,2024-06-30,2024-08-14,synthetic_ifrs_interim,IFRS,ru,,synthetic_demo,,1433545490.0,336948838.0,198980624.0,,237057869.0,6141398.0,360001300.0,,,86354226.0,152912810.0,2410101863.0,2070201577.0,,,,604.0,92.0,0.0,0.0,0.0,0.0,0.0,0.0,0.0,0.0,0.0,0.0,0.0,0.0,1.0,1.0,0.0,0.0,0.0,0.0,0.0,0.0,0.0,0.0,0.0,0.0,0.0,0.0,1.0,0.010869565217391304,273647074.0,0.8121324163759247,2.203535714241338,0.2350457940473169,0.13880314603759103,,0.1653647342575784,0.004284062168128338,0.8589684978804566,0.1493718193105268,,0.25662062895079096,0.8527600000000001,0.0,0.0,0.0,1.0,0.0,0.0,0.0,1.0,1.0,0.0,0.0,0.0,0.0,1.0,1.0,1.0,1.0,0.04800761625802259,1.049450656527162,11.057450681890993,,-0.3432786056799066,0.14091302141228354,0.1834395402211462,0.024275627041289726
TCK02,TCK02,2024-09-30,2024-11-14,synthetic_ifrs_interim,IFRS,ru,,synthetic_demo,,910766177.0,254826560.0,151820287.0,,267328999.0,56778555.0,446298039.0,,,24579415.0,59874079.0,1274947239.0,916265924.0,,,,600.0,90.0,0.0,0.0,0.0,0.0,0.0,0.0,0.0,0.0,0.0,0.0,0.0,0.0,1.0,1.0,0.0,0.0,0.0,0.0,0.0,0.0,0.0,0.0,0.0,0.0,0.0,0.0,1.0,0.011111111111111112,421718624.0,1.6549241334969165,4.25604141652016,0.2797936138113746,0.16669513079645248,,0.29352099995694064,0.06234152786286441,0.7186696797890003,0.35005216321739885,,0.23707413139184313,0.8527000000000001,0.0,0.0,0.0,1.0,0.0,0.0,0.0,1.0,1.0,0.0,0.0,0.0,0.0,1.0,1.0,1.0,1.0,-0.3646757753044865,-0.24372328596663687,-0.2370096949741197,,0.12769510722295407,0.23971229826114518,0.5411040864993865,-0.7153652329649738
TCK02,TCK02,2024-12-31,2025-04-10,synthetic_ifrs_annual,IFRS,ru,,synthetic_demo,,1570906751.0,257618865.0,117600840.0,,-4061379.0,146734562.0,201267558.0,,,83639070.0,106386125.0,3389621007.0,3150039248.0,,,,628.0,96.0,0.0,0.0,0.0,0.0,0.0,0.0,0.0,0.0,0.0,0.0,0.0,0.0,0.0,0.0,0.0,0.0,0.0,0.0,1.0,1.0,0.0,0.0,0.0,0.0,0.0,0.0,1.0,0.010416666666666666,117628488.0,0.4565988907683449,2.4215457137855148,0.16399373472423254,0.0748617573418271,,-0.0025853724273669507,0.0934075570727495,0.9293190128025425,0.059377599319911226,,0.279075658091593,0.8528800000000001,0.0,0.0,0.0,1.0,0.0,0.0,0.0,1.0,1.0,0.0,0.0,0.0,0.0,1.0,1.0,1.0,1.0,0.7248189389009337,0.010957668619785943,-0.22539442966538456,,-1.015192437091346,-0.5490288094230232,-0.7210735279265257,2.402809627487066
TCK02,TCK02,2025-03-31,2025-05-15,synthetic_ifrs_interim,IFRS,ru,,synthetic_demo,,1477558137.0,333262212.0,202327567.0,,128807978.0,249695303.0,215130631.0,,,71568572.0,30088065.0,1935151239.0,1750727271.0,,,,605.0,92.0,0.0,0.0,0.0,0.0,0.0,0.0,0.0,0.0,0.0,0.0,0.0,0.0,1.0,1.0,0.0,0.0,0.0,0.0,0.0,0.0,0.0,0.0,0.0,0.0,0.0,0.0,1.0,0.010869565217391304,143562059.0,0.4307780895362958,11.076226138171398,0.2255493057462009,0.13693374354176088,,0.08717625031088709,0.16899186349917547,0.9046979045961792,0.11116993166444702,,0.21361394412770945,0.8527600000000001,0.0,0.0,0.0,1.0,0.0,0.0,0.0,1.0,1.0,0.0,0.0,0.0,0.0,1.0,1.0,1.0,1.0,-0.059423396035809636,0.2936250301390001,0.7204602195018335,,32.7153306795549,0.06887882546873252,0.2204701551549315,-0.14431650184536962
TCK02,TCK02,2025-06-30,2025-08-14,synthetic_ifrs_interim,IFRS,ru,,synthetic_demo,,1102972069.0,267320118.0,175837531.0,,188767305.0,32899626.0,87361047.0,,,48039739.0,212918995.0,2148428732.0,2045124344.0,,,,698.0,104.0,1.0,1.0,1.0,1.0,0.0,0.0,1.0,1.0,0.0,0.0,0.0,0.0,0.0,0.0,0.0,0.0,0.0,0.0,0.0,0.0,0.0,0.0,0.0,0.0,0.0,0.0,3.0,0.028846153846153848,39321308.0,0.14709445848740796,1.2555015018739872,0.24236345190713982,0.15942156283197775,,0.17114422958248093,0.029828158776339785,0.9519163068053774,0.04066276237083949,,0.2523214009006085,0.8531200000000001,0.0,0.0,0.0,1.0,0.0,0.0,0.0,1.0,1.0,0.0,0.0,0.0,0.0,1.0,1.0,1.0,1.0,-0.25351697413446683,-0.19786850001463713,-0.130926479237503,,0.4654938920010063,-0.593916279639416,-0.7261023680358332,-0.3287592911592535
TCK03,TCK03,2023-09-30,2023-11-14,synthetic_ifrs_interim,IFRS,ru,,synthetic_demo,,279770997.0,99997337.0,70323863.0,,38543282.0,9108692.0,143652905.0,,,13339193.0,8996965.0,542423015.0,405669034.0,,,,592.0,89.0,0.0,0.0,0.0,0.0,0.0,0.0,0.0,0.0,0.0,0.0,0.0,0.0,1.0,1.0,0.0,0.0,0.0,0.0,0.0,0.0,0.0,0.0,0.0,0.0,0.0,0.0,1.0,0.011235955056179775,130313712.0,1.3031718234656589,11.114563299957263,0.35742567339816145,0.2513622346636596,,0.13776725398022582,0.032557670729535984,0.747883151676372,0.26483556380807327,,0.2390810094567885,0.85267,0.0,0.0,0.0,1.0,0.0,0.0,0.0,1.0,1.0,0.0,0.0,0.0,0.0,1.0,1.0,1.0,1.0,,,,,,,,
TCK03,TCK03,2023-12-31,2024-04-09,synthetic_ifrs_annual,IFRS,ru,,synthetic_demo,,140103293.0,28384313.0,12659322.0,,13015236.0,11925492.0,51614804.0,,,5861343.0,14989298.0,199209651.0,147374745.0,,,,598.0,91.0,0.0,0.0,0.0,0.0,0.0,0.0,1.0,1.0,0.0,0.0,0.0,0.0,0.0,0.0,0.0,0.0,0.0,0.0,0.0,0.0,0.0,0.0,0.0,0.0,0.0,0.0,1.0,0.01098901098901099,45753461.0,1.6119277221893658,1.8936385813398333,0.20259561636427775,0.09035706248531931,,0.09289743104039674,0.08511928409848296,0.7397972149451735,0.25909790886587114,,0.31641461215937894,0.8527300000000001,0.0,0.0,0.0,1.0,0.0,0.0,0.0,1.0,1.0,0.0,0.0,0.0,0.0,1.0,1.0,1.0,1.0,-0.49922152581098317,-0.7161493110561534,-0.8199854009726399,,-0.6623215428307325,-0.6406978055891038,-0.6488975695819331,-0.5605923836621901
TCK03,TCK03,2024-03-31,2024-05-15,synthetic_ifrs_interim,IFRS,ru,,synthetic_demo,,161312050.0,44043290.0,25912732.0,,-7835035.0,17030302.0,76450715.0,,,5113104.0,18807597.0,191550657.0,119634085.0,,,,614.0,93.0,0.0,0.0,0.0,0.0,0.0,0.0,0.0,0.0,0.0,0.0,0.0,0.0,0.0,0.0,0.0,0.0,0.0,0.0,1.0,1.0,0.0,0.0,0.0,0.0,0.0,0.0,1.0,0.010752688172043012,71337611.0,1.6197157614701354,2.341781887393695,0.27303161791075126,0.16063729894945852,,-0.04857067404449947,0.10557365057353124,0.6245558583492616,0.39911486704010624,,0.3428535435694543,0.85279,0.0,0.0,0.0,1.0,0.0,0.0,0.0,1.0,1.0,0.0,0.0,0.0,0.0,1.0,1.0,1.0,1.0,0.15137943260191608,0.5516771535037681,1.0469288955601255,,-1.601989468343102,0.481178055040178,0.5591740917698007,-0.12765657972925318
TCK03,TCK03,2024-06-30,2024-08-14,synthetic_ifrs_interim,IFRS,ru,,synthetic_demo,,211756796.0,19251659.0,-5376404.0,,5848946.0,13588627.0,46188563.0,,,11243402.0,15057358.0,409865492.0,354811075.0,,,,598.0,91.0,0.0,0.0,0.0,0.0,0.0,0.0,1.0,1.0,0.0,0.0,0.0,0.0,0.0,0.0,0.0,0.0,0.0,0.0,0.0,0.0,0.0,0.0,0.0,0.0,0.0,0.0,1.0,0.01098901098901099,34945161.0,1.8151766037410075,1.2785549098321232,0.09091400778466634,-0.02538952279954217,,0.027621054485542935,0.06417091331510323,0.8656768669854256,0.11269200238013695,,0.36028364379657296,0.8527300000000001,0.0,0.0,0.0,1.0,0.0,0.0,0.0,1.0,1.0,0.0,0.0,0.0,0.0,1.0,1.0,1.0,1.0,0.31271529932202835,-0.5628923497767765,-1.2074811718038838,,1.7465117896729243,-0.395838704713226,-0.5101439407607861,1.1989386486173566
TCK03,TCK03,2024-09-30,2024-11-14,synthetic_ifrs_interim,IFRS,ru,,synthetic_demo,,175138280.0,59255091.0,44980563.0,,20766679.0,13091819.0,11518418.0,,,7061460.0,7913409.0,406501304.0,396324938.0,,,,591.0,89.0,0.0,0.0,0.0,0.0,0.0,0.0,0.0,0.0,0.0,0.0,0.0,0.0,1.0,1.0,0.0,0.0,0.0,0.0,0.0,0.0,0.0,0.0,0.0,0.0,0.0,0.0,1.0,0.011235955056179775,4456958.0,0.07521645692857007,7.487934845778855,0.33833317878878333,0.2568288497523214,,0.11857304411120173,0.07475132792214244,0.9749659696048601,0.028335500739254702,,0.1972103165523196,0.85267,0.0,0.0,0.0,1.0,0.0,0.0,0.0,1.0,1.0,0.0,0.0,0.0,0.0,1.0,1.0,1.0,1.0,-0.17292722921629397,2.077921284602018,9.366291484047702,,2.5504993549265116,-0.7506218584890809,-0.8724585072021845,-0.3719463201618158
TCK03,TCK03,2024-12-31,2025-04-10,synthetic_ifrs_annual,IFRS,ru,,synthetic_demo,,153132694.0,44520032.0,30263391.0,,-6294642.0,12287012.0,32912544.0,,,3752117.0,11957689.0,334371213.0,300440401.0,,,,614.0,93.0,0.0,0.0,0.0,0.0,0.0,0.0,0.0,0.0,0.0,0.0,0.0,0.0,0.0,0.0,0.0,0.0,0.0,0.0,1.0,1.0,0.0,0.0,0.0,0.0,0.0,0.0,1.0,0.010752688172043012,29160427.0,0.6549956433095107,3.7231301131849137,0.29072845802608294,0.1976285416881649,,-0.04110580069857584,0.08023767935539618,0.8985235251098006,0.09843115292344261,,0.2812773095658797,0.85279,0.0,0.0,0.0,1.0,0.0,0.0,0.0,1.0,1.0,0.0,0.0,0.0,0.0,1.0,1.0,1.0,1.0,-0.12564692310555978,-0.24867161203077048,-0.3271895907572344,,-1.303112596867318,1.857384060901419,5.542674846834994,-0.46864855143270656
TCK03,TCK03,2025-03-31,2025-05-15,synthetic_ifrs_interim,IFRS,ru,,synthetic_demo,,189338705.0,60145651.0,38963140.0,,50001191.0,17189163.0,104391129.0,,,8530133.0,54176469.0,251530440.0,131672701.0,,,,599.0,91.0,0.0,0.0,0.0,0.0,0.0,0.0,1.0,1.0,0.0,0.0,0.0,0.0,0.0,0.0,0.0,0.0,0.0,0.0,0.0,0.0,0.0,0.0,0.0,0.0,0.0,0.0,1.0,0.01098901098901099,95860996.0,1.593814255996664,1.1101803441638103,0.3176616793697834,0.20578539395840909,,0.2640833051012998,0.09078525703447692,0.5234861474420353,0.4150238396593271,,0.29848717644225553,0.8527300000000001,0.0,0.0,0.0,1.0,0.0,0.0,0.0,1.0,1.0,0.0,0.0,0.0,0.0,1.0,1.0,1.0,1.0,0.23643553870997658,0.3509795096283848,0.28746775270491004,,8.943452701519801,2.1717733214424264,2.287365990902671,1.2734187126893963
TCK03,TCK03,2025-06-30,2025-08-14,synthetic_ifrs_interim,IFRS,ru,,synthetic_demo,,285254345.0,98201198.0,67872801.0,,73169644.0,16279635.0,140374922.0,,,11139485.0,39881936.0,442791230.0,286253357.0,,,,594.0,89.0,0.0,0.0,0.0,0.0,0.0,0.0,0.0,0.0,0.0,0.0,0.0,0.0,1.0,1.0,0.0,0.0,0.0,0.0,0.0,0.0,0.0,0.0,0.0,0.0,0.0,0.0,1.0,0.011235955056179775,129235437.0,1.316027091645053,2.4622976677962676,0.344258377554249,0.23793783404070498,,0.2565066765240684,0.057070594314698346,0.646474766449191,0.3170228145665848,,0.25121462450150117,0.85267,0.0,0.0,0.0,1.0,0.0,0.0,0.0,1.0,1.0,0.0,0.0,0.0,0.0,1.0,1.0,1.0,1.0,0.5065823176513222,0.6327231706245893,0.7419746201153192,,0.46335802281189664,0.34470163647717617,0.34815454035132287,0.3058981612596193
TCK04,TCK04,2023-09-30,2023-11-14,synthetic_ifrs_interim,IFRS,ru,,synthetic_demo,,431628699.0,65240724.0,30710428.0,,51799408.0,75407821.0,10524185.0,,,10524185.0,8218829.0,551193670.0,551193670.0,,,,584.0,87.0,0.0,0.0,0.0,0.0,0.0,0.0,0.0,0.0,0.0,0.0,0.0,0.0,1.0,1.0,0.0,0.0,0.0,0.0,0.0,0.0,0.0,0.0,0.0,0.0,0.0,0.0,1.0,0.011494252873563218,0.0,0.0,7.937958558329903,0.15115010691168151,0.07115010672633702,,0.12000918409737162,0.17470529919513067,1.0,0.019093443144947583,,0.19237417827846154,0.8526100000000001,0.0,0.0,0.0,1.0,0.0,0.0,0.0,1.0,1.0,0.0,0.0,0.0,0.0,1.0,1.0,1.0,1.0,,,,,,,,
TCK04,TCK04,2023-12-31,2024-04-09,synthetic_ifrs_annual,IFRS,ru,,synthetic_demo,,299822919.0,47825897.0,21900598.0,,37367797.0,39564936.0,31954442.0,,,16485870.0,31226531.0,449376073.0,408327774.0,,,,599.0,91.0,0.0,0.0,0.0,0.0,0.0,0.0,1.0,1.0,0.0,0.0,0.0,0.0,0.0,0.0,0.0,0.0,0.0,0.0,0.0,0.0,0.0,0.0,0.0,0.0,0.0,0.0,1.0,0.01098901098901099,15468572.0,0.3234350628070813,1.5315789320305864,0.1595138128849983,0.07304510967021838,,0.12463289038954357,0.1319610126269233,0.9086549074009109,0.07110846331153016,,0.26199414088114525,0.8527300000000001,0.0,0.0,0.0,1.0,0.0,0.0,0.0,1.0,1.0,0.0,0.0,0.0,0.0,1.0,1.0,1.0,1.0,-0.3053684342708639,-0.2669318476600597,-0.2868677050023529,,-0.27860571302282067,2.0362866103170933,,0.5664747436499834
TCK04,TCK04,2024-03-31,2024-05-15,synthetic_ifrs_interim,IFRS,ru,,synthetic_demo,,316420034.0,78907954.0,52272625.0,,-6138494.0,733161.0,34150745.0,,,17670322.0,14136165.0,561342509.0,529373287.0,,,,613.0,92.0,0.0,0.0,0.0,0.0,0.0,0.0,0.0,0.0,0.0,0.0,0.0,0.0,0.0,0.0,0.0,0.0,0.0,0.0,1.0,1.0,0.0,0.0,0.0,0.0,0.0,0.0,1.0,0.010869565217391304,16480423.0,0.20885629603322373,5.581991579753066,0.2493772375993108,0.16520011182351368,,-0.019399827256197058,0.0023170498742819804,0.9430486352139065,0.060837624894714684,,0.24437335957971074,0.8527600000000001,0.0,0.0,0.0,1.0,0.0,0.0,0.0,1.0,1.0,0.0,0.0,0.0,0.0,1.0,1.0,1.0,1.0,0.05535639188410409,0.6499001367397249,1.3868126797268276,,-1.1642723010939071,0.06873232209781664,0.06541334261494855,0.07184649642390727
TCK04,TCK04,2024-06-30,2024-08-14,synthetic_ifrs_interim,IFRS,ru,,synthetic_demo,,429634466.0,73284035.0,37576512.0,,69950204.0,20516487.0,39382953.0,,,27982144.0,5053505.0,766323716.0,730832520.0,,,,592.0,89.0,0.0,0.0,0.0,0.0,0.0,0.0,0.0,0.0,0.0,0.0,0.0,0.0,1.0,1.0,0.0,0.0,0.0,0.0,0.0,0.0,0.0,0.0,0.0,0.0,0.0,0.0,1.0,0.011235955056179775,11400809.0,0.15557015931232498,14.501625109701088,0.17057298889982445,0.08746158647337199,,0.16281329719948492,0.04775335459236643,0.9536864183386438,0.05139205818341135,,0.1790047432694536,0.85267,0.0,0.0,0.0,1.0,0.0,0.0,0.0,1.0,1.0,0.0,0.0,0.0,0.0,1.0,1.0,1.0,1.0,0.35779792628427565,-0.0712718897767898,-0.2811435813678766,,12.395336380551973,0.15320919060477303,-0.3082210935969301,0.583567294359435
TCK04,TCK04,2024-09-30,2024-11-14,synthetic_ifrs_interim,IFRS,ru,,synthetic_demo,,407571763.0,101892941.0,61135764.0,,20378588.0,28530023.0,121848053.0,,,19955112.0,25473235.0,556400332.0,406733498.0,,,,595.0,89.0,0.0,0.0,0.0,0.0,0.0,0.0,0.0,0.0,0.0,0.0,0.0,0.0,1.0,1.0,0.0,0.0,0.0,0.0,0.0,0.0,0.0,0.0,0.0,0.0,0.0,0.0,1.0,0.011235955056179775,101892941.0,1.0,4.00000003925689,0.2500000006133889,0.14999999889589996,,0.049999999631966656,0.06999999899404219,0.7310087262852316,0.21899349441797242,,0.2712499997779532,0.85267,0.0,0.0,0.0,1.0,0.0,0.0,0.0,1.0,1.0,0.0,0.0,0.0,0.0,1.0,1.0,1.0,1.0,-0.05135226511366525,0.3903838810185602,0.6269675056588542,,-0.7086700704975786,2.0939288122960207,7.93734304293669,-0.28686265069610106
TCK04,TCK04,2024-12-31,2025-04-10,synthetic_ifrs_annual,IFRS,ru,,synthetic_demo,,766016217.0,203363049.0,124141362.0,,-87883596.0,204004526.0,281018319.0,,,42876339.0,58804786.0,1339103252.0,1026145959.0,,,,626.0,95.0,0.0,0.0,0.0,0.0,0.0,0.0,0.0,0.0,0.0,0.0,0.0,0.0,0.0,0.0,0.0,0.0,0.0,0.0,1.0,1.0,0.0,0.0,0.0,0.0,0.0,0.0,1.0,0.010526315789473684,238141980.0,1.171018929795845,3.458273770437665,0.26548138862705045,0.16206101025665362,,-0.114728114169938,0.2663188082348392,0.7662933813859486,0.2098556019338231,,0.3247745191358709,0.8528500000000001,0.0,0.0,0.0,1.0,0.0,0.0,0.0,1.0,1.0,0.0,0.0,0.0,0.0,1.0,1.0,1.0,1.0,0.8794634136614611,0.9958502228333953,1.0305849453357612,,-5.312545893758684,1.3063012668737513,1.3371783919751614,1.1486393561709902
TCK04,TCK04,2025-03-31,2025-05-15,synthetic_ifrs_interim,IFRS,ru,,synthetic_demo,,417663553.0,78915834.0,43528311.0,,123086067.0,11048112.0,40577238.0,,,21924133.0,11068681.0,512333881.0,471435933.0,,,,595.0,89.0,0.0,0.0,0.0,0.0,0.0,0.0,0.0,0.0,0.0,0.0,0.0,0.0,1.0,1.0,0.0,0.0,0.0,0.0,0.0,0.0,0.0,0.0,0.0,0.0,0.0,0.0,1.0,0.011235955056179775,18653105.0,0.2363670768530432,7.129651130066898,0.18894594329134579,0.10421860056340612,,0.2947014794944293,0.026452181236891407,0.920173251239654,0.07920077024927422,,0.1612669914182301,0.85267,0.0,0.0,0.0,1.0,0.0,0.0,0.0,1.0,1.0,0.0,0.0,0.0,0.0,1.0,1.0,1.0,1.0,-0.45475886315341546,-0.6119460522053837,-0.649364963468018,,2.4005579266465156,-0.8556064311238015,-0.921672335973691,-0.48866592831071703
TCK04,TCK04,2025-06-30,2025-08-14,synthetic_ifrs_interim,IFRS,ru,,synthetic_demo,,336117053.0,84029263.0,50417558.0,,16805853.0,23528194.0,99053541.0,,,15024278.0,21007316.0,536036726.0,449636077.0,,,,593.0,89.0,0.0,0.0,0.0,0.0,0.0,0.0,0.0,0.0,0.0,0.0,0.0,0.0,1.0,1.0,0.0,0.0,0.0,0.0,0.0,0.0,0.0,0.0,0.0,0.0,0.0,0.0,1.0,0.011235955056179775,84029263.0,1.0,3.9999999523975363,0.2499999992562115,0.1500000001487577,,0.05000000104130391,0.07000000086279466,0.8388158034529896,0.18478872098774815,,0.2712500001204937,0.85267,0.0,0.0,0.0,1.0,0.0,0.0,0.0,1.0,1.0,0.0,0.0,0.0,0.0,1.0,1.0,1.0,1.0,-0.19524447228939798,0.06479598251473842,0.15827048745355637,,-0.8634625883366637,1.441110974581365,3.5048405077867733,-0.3147150676380224
TCK05,TCK05,2023-09-30,2023-11-14,synthetic_ifrs_interim,IFRS,ru,,synthetic_demo,,585703818.0,109578175.0,21950408.0,,-160081320.0,52921603.0,410315989.0,,,28923360.0,67698535.0,794149630.0,276101051.0,,,,772.0,111.0,0.0,0.0,0.0,0.0,1.0,1.0,1.0,1.0,0.0,0.0,0.0,0.0,0.0,0.0,0.0,0.0,0.0,0.0,1.0,1.0,0.0,0.0,0.0,0.0,0.0,0.0,3.0,0.02702702702702703,381392629.0,3.480552847316539,1.6186195905125569,0.18708803260695153,0.03747697611901174,,-0.27331445532765847,0.09035557114978547,0.34766880266631867,0.516673399444888,,0.4969789193441932,0.8533300000000001,0.0,0.0,0.0,1.0,0.0,0.0,0.0,1.0,1.0,0.0,0.0,0.0,0.0,1.0,1.0,1.0,1.0,,,,,,,,
TCK05,TCK05,2023-12-31,2024-04-09,synthetic_ifrs_annual,IFRS,ru,,synthetic_demo,,494340408.0,126704481.0,73120535.0,,93724316.0,19586313.0,198348021.0,,,18460396.0,30063229.0,981944557.0,821004589.0,,,,596.0,89.0,0.0,0.0,0.0,0.0,0.0,0.0,0.0,0.0,0.0,0.0,0.0,0.0,1.0,1.0,0.0,0.0,0.0,0.0,0.0,0.0,0.0,0.0,0.0,0.0,0.0,0.0,1.0,0.011235955056179775,179887625.0,1.4197416190829115,4.214599868829792,0.2563101841353014,0.1479153510752453,,0.18959468917216252,0.0396211045729444,0.8361007585889597,0.20199513260299073,,0.2530688771511036,0.85267,0.0,0.0,0.0,1.0,0.0,0.0,0.0,1.0,1.0,0.0,0.0,0.0,0.0,1.0,1.0,1.0,1.0,-0.15598909754759357,0.15629303919325177,2.3311697440885837,,1.5854794050923617,-0.5165969001515074,-0.5283400587167614,-0.36174787438250605
TCK05,TCK05,2024-03-31,2024-05-15,synthetic_ifrs_interim,IFRS,ru,,synthetic_demo,,477466308.0,140184495.0,71508383.0,,4262455.0,62401728.0,468493621.0,,,21063508.0,42680257.0,1085807488.0,691633352.0,,,,594.0,90.0,0.0,0.0,0.0,0.0,1.0,1.0,0.0,0.0,0.0,0.0,0.0,0.0,0.0,0.0,0.0,0.0,0.0,0.0,0.0,0.0,0.0,0.0,0.0,0.0,0.0,0.0,1.0,0.011111111111111112,447430113.0,3.19172325726893,3.2845279024444487,0.293600810468076,0.14976634330395516,,0.008927237228223441,0.13069346874209184,0.6369760382422414,0.43147024327760025,,0.3840856718378276,0.8527000000000001,0.0,0.0,0.0,1.0,0.0,0.0,0.0,1.0,1.0,0.0,0.0,0.0,0.0,1.0,1.0,1.0,1.0,-0.034134575541314036,0.1063894022816762,-0.02204786931605465,,-0.9545213538821665,1.3619777935671966,1.487275670018991,0.14101062620758514
TCK05,TCK05,2024-06-30,2024-08-14,synthetic_ifrs_interim,IFRS,ru,,synthetic_demo,,527122046.0,141332510.0,64702158.0,,142904013.0,13348316.0,485455987.0,,,23475565.0,19898293.0,1321357751.0,794218558.0,,,,597.0,90.0,0.0,0.0,0.0,0.0,1.0,1.0,0.0,0.0,0.0,0.0,0.0,0.0,0.0,0.0,0.0,0.0,0.0,0.0,0.0,0.0,0.0,0.0,0.0,0.0,0.0,0.0,1.0,0.011111111111111112,461980422.0,3.268748442944939,7.102745446556646,0.26812103776057966,0.12274606704649192,,0.2711023264619822,0.02532300840249812,0.6010624733528354,0.36739178820619034,,0.2999151546355624,0.8527000000000001,0.0,0.0,0.0,1.0,0.0,0.0,0.0,1.0,1.0,0.0,0.0,0.0,0.0,1.0,1.0,1.0,1.0,0.10399841238640864,0.00818931508794892,-0.09518079859252306,,32.52622209501332,0.0362061834775761,0.03251973565757743,0.11451354636654065
TCK05,TCK05,2024-09-30,2024-11-14,synthetic_ifrs_interim,IFRS,ru,,synthetic_demo,,524330495.0,140584036.0,64359506.0,,142147217.0,13277625.0,477019635.0,,,17485784.0,19792915.0,837541150.0,331739962.0,,,,595.0,89.0,0.0,0.0,0.0,0.0,1.0,1.0,0.0,0.0,0.0,0.0,0.0,0.0,0.0,0.0,0.0,0.0,0.0,0.0,0.0,0.0,0.0,0.0,0.0,0.0,0.0,0.0,1.0,0.011235955056179775,459533851.0,3.268748458751035,7.10274540157425,0.2681210369044051,0.12274606686761562,,0.27110232640579107,0.02532300739059627,0.3960879557977539,0.5695476992384195,,0.2999151554781545,0.85267,0.0,0.0,0.0,1.0,0.0,0.0,0.0,1.0,1.0,0.0,0.0,0.0,0.0,1.0,1.0,1.0,1.0,-0.005295834278196743,-0.005295837454524794,-0.005295835727766607,,-0.005295834484368189,-0.017378201579374076,-0.005295832644613672,-0.25514959916832675
TCK05,TCK05,2024-12-31,2025-04-10,synthetic_ifrs_annual,IFRS,ru,,synthetic_demo,,525465041.0,82559542.0,19352337.0,,-35238070.0,27513215.0,177385587.0,,,11077120.0,11204682.0,1229292824.0,1007901353.0,,,,623.0,95.0,0.0,0.0,0.0,0.0,0.0,0.0,0.0,0.0,0.0,0.0,0.0,0.0,0.0,0.0,0.0,0.0,0.0,0.0,1.0,1.0,0.0,0.0,0.0,0.0,0.0,0.0,1.0,0.010526315789473684,166308467.0,2.014406366256247,7.368307462898099,0.15711709734844187,0.0368289714633937,,-0.06706073144835528,0.0523597439472667,0.8199033894303446,0.1442988875691997,,0.3287951568602697,0.8528500000000001,0.0,0.0,0.0,1.0,0.0,0.0,0.0,1.0,1.0,0.0,0.0,0.0,0.0,1.0,1.0,1.0,1.0,0.0021637993800074514,-0.41273885464491855,-0.6993088014068971,,-1.2478984164705806,-0.6281377662787403,-0.6380931097065143,-0.36650710085404237
TCK05,TCK05,2025-03-31,2025-05-15,synthetic_ifrs_interim,IFRS,ru,,synthetic_demo,,334378794.0,116066513.0,72467397.0,,-48032698.0,19765136.0,308370766.0,,,15950473.0,57949077.0,422274811.0,71928602.0,,,,619.0,93.0,0.0,0.0,0.0,0.0,0.0,0.0,0.0,0.0,0.0,0.0,0.0,0.0,0.0,0.0,0.0,0.0,0.0,0.0,1.0,1.0,0.0,0.0,0.0,0.0,0.0,0.0,1.0,0.010752688172043012,292420293.0,2.5194199898122207,2.0029052921757495,0.34711086672559743,0.21672246655689534,,-0.14364756037728876,0.059110016408516625,0.17033599951099143,0.7302608584910361,,0.41273868173030337,0.85279,0.0,0.0,0.0,1.0,0.0,0.0,0.0,1.0,1.0,0.0,0.0,0.0,0.0,1.0,1.0,1.0,1.0,-0.3636516839185882,0.4058521908951481,2.7446328575199987,,-0.3630910546462959,0.7384206418078375,0.7583006943356648,0.4399476578749711
TCK05,TCK05,2025-06-30,2025-08-14,synthetic_ifrs_interim,IFRS,ru,,synthetic_demo,,450845589.0,144355467.0,92245053.0,,50727791.0,30205117.0,280717086.0,,,23881801.0,45242207.0,987573620.0,655113709.0,,,,595.0,89.0,0.0,0.0,0.0,0.0,0.0,0.0,0.0,0.0,0.0,0.0,0.0,0.0,1.0,1.0,0.0,0.0,0.0,0.0,0.0,0.0,0.0,0.0,0.0,0.0,0.0,0.0,1.0,0.011235955056179775,256835285.0,1.7791864093377219,3.1907255762301783,0.3201882651667687,0.20460453700923312,,0.11251699525888009,0.06699658982357261,0.663356833083492,0.2842492755122398,,0.29743458912033516,0.85267,0.0,0.0,0.0,1.0,0.0,0.0,0.0,1.0,1.0,0.0,0.0,0.0,0.0,1.0,1.0,1.0,1.0,0.3483079581894778,0.2437305409528414,0.2729179854493739,,2.0561095485412872,-0.08967672376570222,-0.12169130820206106,0.49724719762228997
TCK06,TCK06,2023-09-30,2023-11-14,synthetic_ifrs_interim,IFRS,ru,,synthetic_demo,,2009705154.0,664951094.0,430329053.0,,117473871.0,8239260.0,1353904867.0,,,132239789.0,518057666.0,2904669035.0,1796218621.0,,,,613.0,95.0,0.0,0.0,0.0,0.0,0.0,0.0,1.0,1.0,0.0,0.0,0.0,0.0,0.0,0.0,0.0,0.0,0.0,0.0,0.0,0.0,0.0,0.0,0.0,0.0,0.0,0.0,1.0,0.010526315789473684,1221665078.0,1.8372254576665152,1.2835464807116665,0.33086997496947257,0.21412546618766345,,0.058453286426711326,0.004099735716754797,0.6183901158294959,0.4661132992041553,,0.3533483572316169,0.8528500000000001,0.0,0.0,0.0,1.0,0.0,0.0,0.0,1.0,1.0,0.0,0.0,0.0,0.0,1.0,1.0,1.0,1.0,,,,,,,,
TCK06,TCK06,2023-12-31,2024-04-09,synthetic_ifrs_annual,IFRS,ru,,synthetic_demo,,3501039823.0,945205305.0,623060439.0,,-69768383.0,619264997.0,702738839.0,,,134951481.0,303241234.0,8208834209.0,7362648287.0,,,,630.0,96.0,0.0,0.0,0.0,0.0,0.0,0.0,0.0,0.0,0.0,0.0,0.0,0.0,0.0,0.0,0.0,0.0,0.0,0.0,1.0,1.0,0.0,0.0,0.0,0.0,0.0,0.0,1.0,0.010416666666666666,567787358.0,0.6007026780282406,3.117007843992615,0.26997845005660764,0.17796439643640125,,-0.019927903287948405,0.17688030651115505,0.8969176498811172,0.08560762967164465,,0.2798416878538108,0.8528800000000001,0.0,0.0,0.0,1.0,0.0,0.0,0.0,1.0,1.0,0.0,0.0,0.0,0.0,1.0,1.0,1.0,1.0,0.7420664001541393,0.42146589956584085,0.44786979790555764,,-1.5939055417693693,-0.48095404918874557,-0.535234846092572,0.020505870589373067
TCK06,TCK06,2024-03-31,2024-05-15,synthetic_ifrs_interim,IFRS,ru,,synthetic_demo,,3794162512.0,629521693.0,168449833.0,,655808398.0,491984113.0,1563586445.0,,,256656008.0,114627681.0,5829263097.0,4175725768.0,,,,611.0,94.0,0.0,0.0,0.0,0.0,0.0,0.0,0.0,0.0,0.0,0.0,0.0,0.0,1.0,1.0,0.0,0.0,0.0,0.0,0.0,0.0,0.0,0.0,0.0,0.0,0.0,0.0,1.0,0.010638297872340425,1306930437.0,2.0760689449346743,5.491881956505776,0.1659184842528432,0.044397105413180045,,0.17284668116503704,0.12966869801806738,0.7163385317346571,0.2682305497250058,,0.2784240534817699,0.8528200000000001,0.0,0.0,0.0,1.0,0.0,0.0,0.0,1.0,1.0,0.0,0.0,0.0,0.0,1.0,1.0,1.0,1.0,0.08372446582136464,-0.3339841728882383,-0.7296412635821354,,10.399793571251323,1.2249893676361896,1.301795590524578,0.9018391358002215
TCK06,TCK06,2024-06-30,2024-08-14,synthetic_ifrs_interim,IFRS,ru,,synthetic_demo,,2850536664.0,712634166.0,427580500.0,,142526833.0,199537566.0,903056225.0,,,190422059.0,178158541.0,3839421259.0,3096697872.0,,,,607.0,92.0,0.0,0.0,0.0,0.0,0.0,0.0,0.0,0.0,0.0,0.0,0.0,0.0,1.0,1.0,0.0,0.0,0.0,0.0,0.0,0.0,0.0,0.0,0.0,0.0,0.0,0.0,1.0,0.010869565217391304,712634166.0,1.0,4.000000011225956,0.25,0.15000000014032444,,0.04999999992983777,0.06999999983161066,0.8065532962138552,0.23520634076897473,,0.2712499999277329,0.8527600000000001,0.0,0.0,0.0,1.0,0.0,0.0,0.0,1.0,1.0,0.0,0.0,0.0,0.0,1.0,1.0,1.0,1.0,-0.24870464694528616,0.13202479584766272,1.5383254609697357,,-0.7826700093584346,-0.42244560389496083,-0.4547267812999905,-0.25806506349151975
TCK06,TCK06,2024-09-30,2024-11-14,synthetic_ifrs_interim,IFRS,ru,,synthetic_demo,,4420385418.0,1175560767.0,672587708.0,,-878390202.0,526233629.0,2293551261.0,,,307741832.0,210197228.0,10774759737.0,8081433295.0,,,,637.0,98.0,0.0,0.0,0.0,0.0,0.0,0.0,0.0,0.0,0.0,0.0,0.0,0.0,0.0,0.0,0.0,0.0,0.0,0.0,1.0,1.0,0.0,0.0,0.0,0.0,0.0,0.0,1.0,0.01020408163265306,1985809429.0,1.6892443885038229,5.592655898392723,0.26594078475896377,0.15215589691821754,,-0.19871348738577346,0.1190470013897779,0.7500337355318236,0.2128633321747358,,0.35391960118419297,0.8529400000000001,0.0,0.0,0.0,1.0,0.0,0.0,0.0,1.0,1.0,0.0,0.0,0.0,0.0,1.0,1.0,1.0,1.0,0.5507204218159812,0.6495992236779734,0.5730083762005049,,-7.162981268235996,1.5397657393923618,1.786576231878279,0.6161038989710745
TCK06,TCK06,2024-12-31,2025-04-10,synthetic_ifrs_annual,IFRS,ru,,synthetic_demo,,3771172665.0,1290601279.0,870858363.0,,-218764464.0,126275225.0,2263876578.0,,,243890531.0,183674342.0,7083346630.0,4914633178.0,,,,635.0,98.0,0.0,0.0,0.0,0.0,0.0,0.0,0.0,0.0,0.0,0.0,0.0,0.0,0.0,0.0,0.0,0.0,0.0,0.0,1.0,1.0,0.0,0.0,0.0,0.0,0.0,0.0,1.0,0.01020408163265306,2019986047.0,1.5651511275156578,7.026573580974092,0.3422281061214682,0.23092508361719363,,-0.058009665277418423,0.03348433928044501,0.6938292638659136,0.3196055051734776,,0.307895010636268,0.8529400000000001,0.0,0.0,0.0,1.0,0.0,0.0,0.0,1.0,1.0,0.0,0.0,0.0,0.0,1.0,1.0,1.0,1.0,-0.14686790666632318,0.09786011512920795,0.29478780632131324,,0.7509484241719718,-0.012938312521980296,0.01721042185664836,-0.20748333297762392
TCK06,TCK06,2025-03-31,2025-05-15,synthetic_ifrs_interim,IFRS,ru,,synthetic_demo,,4953229435.0,1673394552.0,1100897662.0,,1257875127.0,619914663.0,3239945966.0,,,262932591.0,358593176.0,8224771071.0,5479780848.0,,,,617.0,97.0,0.0,0.0,0.0,0.0,0.0,0.0,0.0,0.0,0.0,0.0,0.0,0.0,1.0,1.0,0.0,0.0,0.0,0.0,0.0,0.0,0.0,0.0,0.0,0.0,0.0,0.0,1.0,0.010309278350515464,2977013375.0,1.7790265729274348,4.66655436856389,0.3378390954748899,0.22225856412403397,,0.2539505071401967,0.12515363383323672,0.6662532975928468,0.3939253674091715,,0.2496396028759963,0.8529100000000001,0.0,0.0,0.0,1.0,0.0,0.0,0.0,1.0,1.0,0.0,0.0,0.0,0.0,1.0,1.0,1.0,1.0,0.3134454120784735,0.2966007234214123,0.2641523682537111,,6.749906104494192,0.4311495588961387,0.47377917754498233,0.07807625790933229
TCK06,TCK06,2025-06-30,2025-08-14,synthetic_ifrs_interim,IFRS,ru,,synthetic_demo,,4200794873.0,1061543336.0,571713825.0,,1018772645.0,220743788.0,2081979982.0,,,139143037.0,648625868.0,10523914179.0,8607482237.0,,,,620.0,97.0,0.0,0.0,0.0,0.0,0.0,0.0,1.0,1.0,0.0,0.0,0.0,0.0,0.0,0.0,0.0,0.0,0.0,0.0,0.0,0.0,0.0,0.0,0.0,0.0,0.0,0.0,1.0,0.010309278350515464,1942836945.0,1.8302003122367112,1.6366034541194092,0.25270058836314907,0.13609658226223034,,0.24251901742406265,0.05254809974626438,0.8178974182605789,0.1978332345349697,,0.2952966780774533,0.8529100000000001,0.0,0.0,0.0,1.0,0.0,0.0,0.0,1.0,1.0,0.0,0.0,0.0,0.0,1.0,1.0,1.0,1.0,-0.15190787583616142,-0.36563476035507014,-0.4806839502580395,,-0.1900844343510101,-0.3574028691069844,-0.3473872299952297,-0.4708033854958665
TCK07,TCK07,2023-09-30,2023-11-14,synthetic_ifrs_interim,IFRS,ru,,synthetic_demo,,153680897.0,53572702.0,33812518.0,,-9968368.0,3956341.0,139586189.0,,,9459925.0,10306769.0,204384294.0,80203653.0,,,,614.0,93.0,0.0,0.0,0.0,0.0,0.0,0.0,0.0,0.0,0.0,0.0,0.0,0.0,0.0,0.0,0.0,0.0,0.0,0.0,1.0,1.0,0.0,0.0,0.0,0.0,0.0,0.0,1.0,0.010752688172043012,130126264.0,2.4289658565289463,5.197817279110456,0.3485970152816065,0.22001770330635173,,-0.06486406700241995,0.025743869779729357,0.39241593094232574,0.6829594694786087,,0.3547526979976324,0.85279,0.0,0.0,0.0,1.0,0.0,0.0,0.0,1.0,1.0,0.0,0.0,0.0,0.0,1.0,1.0,1.0,1.0,,,,,,,,
TCK07,TCK07,2023-12-31,2024-04-09,synthetic_ifrs_annual,IFRS,ru,,synthetic_demo,,123418403.0,16017876.0,3323804.0,,12446432.0,10823798.0,26168825.0,,,7865221.0,1723712.0,172125723.0,147130259.0,,,,590.0,89.0,0.0,0.0,0.0,0.0,0.0,0.0,0.0,0.0,0.0,0.0,0.0,0.0,1.0,1.0,0.0,0.0,0.0,0.0,0.0,0.0,0.0,0.0,0.0,0.0,0.0,0.0,1.0,0.011235955056179775,18303604.0,1.1426985700226422,9.292663739650243,0.1297851504366006,0.02693118626725384,,0.1008474562744099,0.0877000328711108,0.8547836804148093,0.15203320307912374,,0.24421251421376863,0.85267,0.0,0.0,0.0,1.0,0.0,0.0,0.0,1.0,1.0,0.0,0.0,0.0,0.0,1.0,1.0,1.0,1.0,-0.1969177340238976,-0.7010067552687561,-0.9016990098164236,,2.2485927485823156,-0.8125256861909168,-0.8593396641280656,-0.1685746980023626
TCK07,TCK07,2024-03-31,2024-05-15,synthetic_ifrs_interim,IFRS,ru,,synthetic_demo,,151761785.0,13697279.0,-1451064.0,,13764814.0,653961.0,23981207.0,,,10409541.0,618776.0,280928028.0,260017645.0,,,,587.0,87.0,0.0,0.0,0.0,0.0,0.0,0.0,0.0,0.0,0.0,0.0,0.0,0.0,1.0,1.0,0.0,0.0,0.0,0.0,0.0,0.0,0.0,0.0,0.0,0.0,0.0,0.0,1.0,0.011494252873563218,13571666.0,0.9908293464709305,22.136086402833982,0.09025512582103591,-0.009561458439619697,,0.09070013244770414,0.004309128282854607,0.9255667611777063,0.08536423784671282,,0.22931825516557225,0.8526100000000001,0.0,0.0,0.0,1.0,0.0,0.0,0.0,1.0,1.0,0.0,0.0,0.0,0.0,1.0,1.0,1.0,1.0,0.22965280145457723,-0.1448754504030372,-1.4365672584785385,,0.10592449305953706,-0.08359634030186681,-0.2585249331224605,0.3234899566077037
TCK07,TCK07,2024-06-30,2024-08-14,synthetic_ifrs_interim,IFRS,ru,,synthetic_demo,,143985289.0,41211422.0,21559005.0,,13771018.0,7370732.0,120932778.0,,,4533060.0,31806941.0,186854509.0,49132714.0,,,,597.0,91.0,0.0,0.0,0.0,0.0,0.0,0.0,1.0,1.0,0.0,0.0,0.0,0.0,0.0,0.0,0.0,0.0,0.0,0.0,0.0,0.0,0.0,0.0,0.0,0.0,0.0,0.0,1.0,0.01098901098901099,116399718.0,2.8244528422241775,1.295673859362961,0.2862196706776065,0.14973060893741721,,0.0956418401882709,0.05119086853379862,0.26294636539918875,0.6472028887459172,,0.3867797409549517,0.8527300000000001,0.0,0.0,0.0,1.0,0.0,0.0,0.0,1.0,1.0,0.0,0.0,0.0,0.0,1.0,1.0,1.0,1.0,-0.05124146371894611,2.0087305661219284,15.857377069515886,,0.00045071440849109914,4.042814483858131,7.57667127970877,-0.5645283495208867
TCK07,TCK07,2024-09-30,2024-11-14,synthetic_ifrs_interim,IFRS,ru,,synthetic_demo,,144346806.0,34777474.0,19392796.0,,19577845.0,17739968.0,52762910.0,,,6541292.0,6011946.0,309103334.0,251562305.0,,,,591.0,89.0,0.0,0.0,0.0,0.0,0.0,0.0,0.0,0.0,0.0,0.0,0.0,0.0,1.0,1.0,0.0,0.0,0.0,0.0,0.0,0.0,0.0,0.0,0.0,0.0,0.0,0.0,1.0,0.011235955056179775,46221618.0,1.3290677177991708,5.784728272675769,0.24092998635522286,0.13434863255651117,,0.13563060757991416,0.12289823718025324,0.8138453304421491,0.17069667064801056,,0.25371702832973764,0.85267,0.0,0.0,0.0,1.0,0.0,0.0,0.0,1.0,1.0,0.0,0.0,0.0,0.0,1.0,1.0,1.0,1.0,0.0025107912239562195,-0.15612050465038552,-0.10047815286466143,,0.421670133609585,-0.5637005047547986,-0.6029060998240563,0.44301906438476435
TCK07,TCK07,2024-12-31,2025-04-10,synthetic_ifrs_annual,IFRS,ru,,synthetic_demo,,122852213.0,31184318.0,15524468.0,,-2851602.0,2905292.0,81410893.0,,,7396468.0,3176762.0,266971457.0,171762069.0,,,,609.0,92.0,0.0,0.0,0.0,0.0,0.0,0.0,0.0,0.0,0.0,0.0,0.0,0.0,0.0,0.0,0.0,0.0,0.0,0.0,1.0,1.0,0.0,0.0,0.0,0.0,0.0,0.0,1.0,0.010869565217391304,74014425.0,2.3734501745396517,9.816384733889413,0.2538360297994795,0.1263670195342757,,-0.02321164536124392,0.02364867452570838,0.6433724074105794,0.30494231074297956,,0.3281318230158892,0.8527600000000001,0.0,0.0,0.0,1.0,0.0,0.0,0.0,1.0,1.0,0.0,0.0,0.0,0.0,1.0,1.0,1.0,1.0,-0.14890937732283457,-0.10331848713336685,-0.1994724226460176,,-1.1456545396084197,0.5429568422211739,0.6012945500955852,0.13073502910434207
TCK07,TCK07,2025-03-31,2025-05-15,synthetic_ifrs_interim,IFRS,ru,,synthetic_demo,,138886525.0,42110337.0,27619148.0,,36825881.0,2065398.0,54881891.0,,,3637117.0,1693622.0,346014086.0,291198651.0,,,,590.0,89.0,0.0,0.0,0.0,0.0,0.0,0.0,0.0,0.0,0.0,0.0,0.0,0.0,1.0,1.0,0.0,0.0,0.0,0.0,0.0,0.0,0.0,0.0,0.0,0.0,0.0,0.0,1.0,0.011235955056179775,51244774.0,1.2169167394694562,24.864070613159253,0.3031995868569683,0.19886125021847872,,0.2651508560675703,0.014871118706440383,0.8415803367034023,0.15861172484174532,,0.19468512817742487,0.85267,0.0,0.0,0.0,1.0,0.0,0.0,0.0,1.0,1.0,0.0,0.0,0.0,0.0,1.0,1.0,1.0,1.0,0.1305170790859095,0.3503690220193368,0.7790721073340484,,13.914102669306587,-0.3258655079486722,-0.30763801785935646,-0.5082629979606482
TCK07,TCK07,2025-06-30,2025-08-14,synthetic_ifrs_interim,IFRS,ru,,synthetic_demo,,191647950.0,25136912.0,9441801.0,,81463693.0,2288290.0,10897159.0,,,8514766.0,2016203.0,401367596.0,387443079.0,,,,589.0,89.0,0.0,0.0,0.0,0.0,0.0,0.0,0.0,0.0,0.0,0.0,0.0,0.0,1.0,1.0,0.0,0.0,0.0,0.0,0.0,0.0,0.0,0.0,0.0,0.0,0.0,0.0,1.0,0.011235955056179775,2382393.0,0.09477667742163397,12.467450946159687,0.13116191433302574,0.04926638140402754,,0.4250694724363083,0.011940070321649671,0.9653073214211344,0.027150071676438972,,0.11272973179765387,0.85267,0.0,0.0,0.0,1.0,0.0,0.0,0.0,1.0,1.0,0.0,0.0,0.0,0.0,1.0,1.0,1.0,1.0,0.37988872570611154,-0.4030702722706779,-0.6581429304046599,,1.2121315441170302,-0.8014434488053628,-0.9535095422608362,1.3410756376547688
TCK08,TCK08,2023-09-30,2023-11-14,synthetic_ifrs_interim,IFRS,ru,,synthetic_demo,,471603830.0,133257871.0,82978108.0,,52218192.0,30951583.0,208568199.0,,,31239236.0,46976718.0,536349960.0,311597073.0,,,,595.0,89.0,0.0,0.0,0.0,0.0,0.0,0.0,0.0,0.0,0.0,0.0,0.0,0.0,1.0,1.0,0.0,0.0,0.0,0.0,0.0,0.0,0.0,0.0,0.0,0.0,0.0,0.0,1.0,0.011235955056179775,177328963.0,1.3307203669792984,2.8366790332181147,0.2825631653585171,0.1759487576680622,,0.11072469873707344,0.06563047420543637,0.5809585088810298,0.3888658796581247,,0.2826662571880865,0.85267,0.0,0.0,0.0,1.0,0.0,0.0,0.0,1.0,1.0,0.0,0.0,0.0,0.0,1.0,1.0,1.0,1.0,,,,,,,,
TCK08,TCK08,2023-12-31,2024-04-09,synthetic_ifrs_annual,IFRS,ru,,synthetic_demo,,384200336.0,98742216.0,66160758.0,,72923021.0,45661980.0,33432740.0,,,9718298.0,30251262.0,503498150.0,469745887.0,,,,593.0,89.0,0.0,0.0,0.0,0.0,0.0,0.0,0.0,0.0,0.0,0.0,0.0,0.0,1.0,1.0,0.0,0.0,0.0,0.0,0.0,0.0,0.0,0.0,0.0,0.0,0.0,0.0,1.0,0.011235955056179775,23714442.0,0.2401651791975177,3.2640693138686245,0.25700710475172517,0.17220380046726455,,0.18980467783869923,0.11884940152681178,0.9329644746460339,0.0664009192486606,,0.20995960988193013,0.85267,0.0,0.0,0.0,1.0,0.0,0.0,0.0,1.0,1.0,0.0,0.0,0.0,0.0,1.0,1.0,1.0,1.0,-0.1853324516045597,-0.25901400600944613,-0.2026721313048015,,0.39650604907960046,-0.8397035590262732,-0.8662686478350409,-0.6889073087446825
TCK08,TCK08,2024-03-31,2024-05-15,synthetic_ifrs_interim,IFRS,ru,,synthetic_demo,,389227889.0,97306972.0,58384183.0,,19461394.0,27245952.0,116691349.0,,,19384377.0,24326743.0,972888667.0,832604607.0,,,,594.0,89.0,0.0,0.0,0.0,0.0,0.0,0.0,0.0,0.0,0.0,0.0,0.0,0.0,1.0,1.0,0.0,0.0,0.0,0.0,0.0,0.0,0.0,0.0,0.0,0.0,0.0,0.0,1.0,0.011235955056179775,97306972.0,1.0,4.0,0.24999999935770276,0.14999999910078385,,0.04999999884386496,0.06999999940908654,0.8558066665196338,0.11994316817342472,,0.2712500002890338,0.85267,0.0,0.0,0.0,1.0,0.0,0.0,0.0,1.0,1.0,0.0,0.0,0.0,0.0,1.0,1.0,1.0,1.0,0.013085758987987976,-0.01453526220233907,-0.11754059710138146,,-0.7331241392207271,2.490331603093255,3.103279006101008,0.9946267340227681
TCK08,TCK08,2024-06-30,2024-08-14,synthetic_ifrs_interim,IFRS,ru,,synthetic_demo,,408114460.0,143244715.0,96978181.0,,22763700.0,49388584.0,263155158.0,,,24175955.0,52549682.0,459845080.0,234960051.0,,,,595.0,89.0,0.0,0.0,0.0,0.0,0.0,0.0,0.0,0.0,0.0,0.0,0.0,0.0,1.0,1.0,0.0,0.0,0.0,0.0,0.0,0.0,0.0,0.0,0.0,0.0,0.0,0.0,1.0,0.011235955056179775,238979203.0,1.6683282381482625,2.725891186173115,0.35099152085912366,0.23762495697898084,,0.05577773451104869,0.12101650110608676,0.5109548002557731,0.5722691607356112,,0.31272335968325443,0.85267,0.0,0.0,0.0,1.0,0.0,0.0,0.0,1.0,1.0,0.0,0.0,0.0,0.0,1.0,1.0,1.0,1.0,0.04852316993143315,0.47209097206313233,0.661035164267007,,0.16968496706864883,1.2551385364479761,1.4559309378160488,0.2471876191842534
TCK08,TCK08,2024-09-30,2024-11-14,synthetic_ifrs_interim,IFRS,ru,,synthetic_demo,,397533585.0,60646287.0,22238200.0,,81629220.0,20552460.0,74173551.0,,,23788749.0,6700482.0,576010706.0,496987333.0,,,,592.0,89.0,0.0,0.0,0.0,0.0,0.0,0.0,0.0,0.0,0.0,0.0,0.0,0.0,1.0,1.0,0.0,0.0,0.0,0.0,0.0,0.0,0.0,0.0,0.0,0.0,0.0,0.0,1.0,0.011235955056179775,50384802.0,0.8307978030048236,9.051033492814398,0.15255638589630105,0.05594043079404222,,0.20533917907841673,0.05169993373012748,0.8628091940360567,0.1287711325976639,,0.2049110603649526,0.85267,0.0,0.0,0.0,1.0,0.0,0.0,0.0,1.0,1.0,0.0,0.0,0.0,0.0,1.0,1.0,1.0,1.0,-0.025926243828753335,-0.5766246105484589,-0.7706886253104707,,2.5859381383518496,-0.7181375749435244,-0.7891665828344068,-0.016016161512544178
TCK08,TCK08,2024-12-31,2025-04-10,synthetic_ifrs_annual,IFRS,ru,,synthetic_demo,,276296884.0,83430592.0,50130208.0,,62840020.0,36394795.0,186560363.0,,,17513616.0,64385021.0,553881515.0,366148474.0,,,,600.0,91.0,0.0,0.0,0.0,0.0,0.0,0.0,1.0,1.0,0.0,0.0,0.0,0.0,0.0,0.0,0.0,0.0,0.0,0.0,0.0,0.0,0.0,0.0,0.0,0.0,0.0,0.0,1.0,0.01098901098901099,169046747.0,2.0261961823308168,1.2958074829237067,0.3019599453752797,0.1814360237229458,,0.22743658592979282,0.13172350868785043,0.6610592050539906,0.3368235948441067,,0.31890225495550517,0.8527300000000001,0.0,0.0,0.0,1.0,0.0,0.0,0.0,1.0,1.0,0.0,0.0,0.0,0.0,1.0,1.0,1.0,1.0,-0.30497222266138846,0.3756916725998411,1.2542385624735815,,-0.23017738010972053,1.515187158829702,2.3551138496088564,-0.2637857501460039
TCK08,TCK08,2025-03-31,2025-05-15,synthetic_ifrs_interim,IFRS,ru,,synthetic_demo,,332657720.0,69260314.0,42647697.0,,50061612.0,18388874.0,1141671.0,,,13736803.0,31538286.0,691228326.0,689819794.0,,,,592.0,89.0,0.0,0.0,0.0,0.0,0.0,0.0,0.0,0.0,0.0,0.0,0.0,0.0,1.0,1.0,0.0,0.0,0.0,0.0,0.0,0.0,0.0,0.0,0.0,0.0,0.0,0.0,1.0,0.011235955056179775,-12595132.0,-0.18185207765589975,2.196070959594951,0.20820293603888104,0.12820293784253678,,0.15048985485741923,0.05527866300532572,0.9979622767947736,0.001651655403948246,,0.21699834129660012,0.85267,0.0,0.0,0.0,1.0,0.0,0.0,0.0,1.0,1.0,0.0,0.0,0.0,0.0,1.0,1.0,1.0,1.0,0.2039865060512228,-0.1698451090937962,-0.1492615191223623,,-0.20334824845695465,-0.9938804203548853,-1.074506798998031,-0.21565009761547815
TCK08,TCK08,2025-06-30,2025-08-14,synthetic_ifrs_interim,IFRS,ru,,synthetic_demo,,536645255.0,152596231.0,109029102.0,,21290155.0,35938648.0,26418413.0,,,17383001.0,37714869.0,780815382.0,749826395.0,,,,595.0,89.0,0.0,0.0,0.0,0.0,0.0,0.0,0.0,0.0,0.0,0.0,0.0,0.0,1.0,1.0,0.0,0.0,0.0,0.0,0.0,0.0,0.0,0.0,0.0,0.0,0.0,0.0,1.0,0.011235955056179775,9035412.0,0.05921123962753706,4.046049609770619,0.2843521480498323,0.20316792328667846,,0.03967267911462294,0.06696909674529779,0.9603120177773342,0.033834391085292424,,0.23230728702014508,0.85267,0.0,0.0,0.0,1.0,0.0,0.0,0.0,1.0,1.0,0.0,0.0,0.0,0.0,1.0,1.0,1.0,1.0,0.6132054743836999,1.203227536623643,1.5565062047781852,,-0.5747209458616714,22.14012793528083,1.7173733470994985,0.2654327939332026
TCK09,TCK09,2023-09-30,2023-11-14,synthetic_ifrs_interim,IFRS,ru,,synthetic_demo,,598425943.0,184191774.0,104975048.0,,-193762309.0,38485572.0,497472213.0,,,15118576.0,65890514.0,718014357.0,172179472.0,,,,623.0,93.0,0.0,0.0,0.0,0.0,0.0,0.0,0.0,0.0,0.0,0.0,0.0,0.0,0.0,0.0,0.0,0.0,0.0,0.0,1.0,1.0,0.0,0.0,0.0,0.0,0.0,0.0,1.0,0.010752688172043012,482353637.0,2.618757757336112,2.795421720340503,0.30779376488361904,0.17541861148890733,,-0.32378661264022107,0.06431133618149305,0.23979948356380845,0.6928443813833098,,0.44821237155697713,0.85279,0.0,0.0,0.0,1.0,0.0,0.0,0.0,1.0,1.0,0.0,0.0,0.0,0.0,1.0,1.0,1.0,1.0,,,,,,,,
TCK09,TCK09,2023-12-31,2024-04-09,synthetic_ifrs_annual,IFRS,ru,,synthetic_demo,,324361092.0,50924570.0,8571883.0,,67985665.0,1900826.0,148631190.0,,,19861671.0,28229159.0,507787942.0,378191062.0,,,,598.0,91.0,0.0,0.0,0.0,0.0,0.0,0.0,1.0,1.0,0.0,0.0,0.0,0.0,0.0,0.0,0.0,0.0,0.0,0.0,0.0,0.0,0.0,0.0,0.0,0.0,0.0,0.0,1.0,0.01098901098901099,128769519.0,2.528632426351366,1.8039704973144968,0.15699962559011238,0.026426976636273008,,0.20959870550688614,0.005860215811580755,0.7447814938465002,0.29270326785349304,,0.32955541893472295,0.8527300000000001,0.0,0.0,0.0,1.0,0.0,0.0,0.0,1.0,1.0,0.0,0.0,0.0,0.0,1.0,1.0,1.0,1.0,-0.45797621945678246,-0.7235241895221661,-0.9183436143796762,,1.3508714638614263,-0.7012271517565143,-0.7330391871804213,0.3137263059695569
TCK09,TCK09,2024-03-31,2024-05-15,synthetic_ifrs_interim,IFRS,ru,,synthetic_demo,,849204396.0,232578904.0,129624970.0,,143261918.0,62370778.0,503540898.0,,,24012601.0,119071547.0,1296803154.0,855295122.0,,,,607.0,92.0,0.0,0.0,0.0,0.0,0.0,0.0,1.0,1.0,0.0,0.0,0.0,0.0,0.0,0.0,0.0,0.0,0.0,0.0,0.0,0.0,0.0,0.0,0.0,0.0,0.0,0.0,1.0,0.010869565217391304,479528297.0,2.061787585859464,1.953270196447519,0.2738785916506254,0.15264283912161944,,0.1687013381876087,0.07344613180735347,0.6595412105236135,0.38829401088887233,,0.3157494103910009,0.8527600000000001,0.0,0.0,0.0,1.0,0.0,0.0,0.0,1.0,1.0,0.0,0.0,0.0,0.0,1.0,1.0,1.0,1.0,1.6180834167372948,3.5671255348842417,14.12211144272501,,1.1072371359462323,2.3878548506541595,2.723927065379502,0.20899198259804022
TCK09,TCK09,2024-06-30,2024-08-14,synthetic_ifrs_interim,IFRS,ru,,synthetic_demo,,402843741.0,78636475.0,26927052.0,,-102744201.0,77666601.0,198629750.0,,,8482842.0,20402569.0,476601656.0,300353361.0,,,,619.0,93.0,0.0,0.0,0.0,0.0,0.0,0.0,0.0,0.0,0.0,0.0,0.0,0.0,0.0,0.0,0.0,0.0,0.0,0.0,1.0,1.0,0.0,0.0,0.0,0.0,0.0,0.0,1.0,0.010752688172043012,190146908.0,2.418049740912217,3.8542437964552407,0.19520341759511164,0.0668424236483297,,-0.2550472814718499,0.1927958488499887,0.6301978963329494,0.4167626098219013,,0.4107525586109752,0.85279,0.0,0.0,0.0,1.0,0.0,0.0,0.0,1.0,1.0,0.0,0.0,0.0,0.0,1.0,1.0,1.0,1.0,-0.525622167174933,-0.6618933460964285,-0.7922695604095414,,-1.717177338083663,-0.6055340275458618,-0.6034709334369063,-0.6467337295114345
TCK09,TCK09,2024-09-30,2024-11-14,synthetic_ifrs_interim,IFRS,ru,,synthetic_demo,,653660112.0,197572714.0,114457915.0,,193991012.0,24980886.0,498200187.0,,,32393559.0,374562826.0,1386460025.0,889846491.0,,,,607.0,92.0,0.0,0.0,0.0,0.0,0.0,0.0,1.0,1.0,0.0,0.0,0.0,0.0,0.0,0.0,0.0,0.0,0.0,0.0,0.0,0.0,0.0,0.0,0.0,0.0,0.0,0.0,1.0,0.010869565217391304,465806628.0,2.3576465523473042,0.5274755001981964,0.30225603547306557,0.17510310465448747,,0.29677657920176104,0.038216934981034914,0.6418118625526185,0.3593325288985523,,0.35988788884117007,0.8527600000000001,0.0,0.0,0.0,1.0,0.0,0.0,0.0,1.0,1.0,0.0,0.0,0.0,0.0,1.0,1.0,1.0,1.0,0.6226145412545953,1.512481822207824,3.2506663930384954,,2.888096944760902,1.5081851384296663,1.4497197083004894,2.818715355066144
TCK09,TCK09,2024-12-31,2025-04-10,synthetic_ifrs_annual,IFRS,ru,,synthetic_demo,,461037903.0,126545730.0,64946366.0,,-13498011.0,3086580.0,360058093.0,,,20851044.0,34627024.0,1112257360.0,670982470.0,,,,621.0,94.0,0.0,0.0,0.0,0.0,0.0,0.0,0.0,0.0,0.0,0.0,0.0,0.0,0.0,0.0,0.0,0.0,0.0,0.0,1.0,1.0,0.0,0.0,0.0,0.0,0.0,0.0,1.0,0.010638297872340425,339207049.0,2.6805096386895078,3.6545366994287467,0.2744801006089948,0.1408699058740947,,-0.02927744316067653,0.006694850856980407,0.6032618835626316,0.32371832810348855,,0.36756048830643695,0.8528200000000001,0.0,0.0,0.0,1.0,0.0,0.0,0.0,1.0,1.0,0.0,0.0,0.0,0.0,1.0,1.0,1.0,1.0,-0.2946825199577116,-0.3594979416034139,-0.4325742697654417,,-1.0695805999506822,-0.27728230057850217,-0.27178569687505605,-0.3563212983173599
TCK09,TCK09,2025-03-31,2025-05-15,synthetic_ifrs_interim,IFRS,ru,,synthetic_demo,,449719234.0,59203327.0,-3721613.0,,64610978.0,29218870.0,190450197.0,,,13075551.0,32015414.0,654394240.0,478286126.0,,,,600.0,91.0,0.0,0.0,0.0,0.0,0.0,0.0,1.0,1.0,0.0,0.0,0.0,0.0,0.0,0.0,0.0,0.0,0.0,0.0,0.0,0.0,0.0,0.0,0.0,0.0,0.0,0.0,1.0,0.01098901098901099,177374646.0,2.996024970015621,1.8492132258542713,0.13164508547570816,-0.008275414344408493,,0.14366959008028551,0.0649713594415666,0.7308837651138249,0.29103281379738305,,0.36535351157316764,0.8527300000000001,0.0,0.0,0.0,1.0,0.0,0.0,0.0,1.0,1.0,0.0,0.0,0.0,0.0,1.0,1.0,1.0,1.0,-0.024550408819641018,-0.5321586354592921,-1.0573028674152454,,5.786703611369112,-0.4710570302331741,-0.4770903301599726,-0.3729066515806115
TCK09,TCK09,2025-06-30,2025-08-14,synthetic_ifrs_interim,IFRS,ru,,synthetic_demo,,653675180.0,188403307.0,102633574.0,,348064.0,53681165.0,509099780.0,,,26678524.0,61220184.0,767336992.0,264953730.0,,,,594.0,88.0,0.0,0.0,0.0,0.0,0.0,0.0,0.0,0.0,0.0,0.0,0.0,0.0,1.0,1.0,0.0,0.0,0.0,0.0,0.0,0.0,0.0,0.0,0.0,0.0,0.0,0.0,1.0,0.011363636363636364,482421256.0,2.560577431902509,3.077470446674907,0.28822160113223205,0.15701005199554924,,0.0005324724123684794,0.08212207934833934,0.34528992184961677,0.6634631007076484,,0.3609421628359931,0.8526400000000001,0.0,0.0,0.0,1.0,0.0,0.0,0.0,1.0,1.0,0.0,0.0,0.0,0.0,1.0,1.0,1.0,1.0,0.45351839676930517,2.1823094502780225,28.57771267458492,,-0.9946129278526011,1.6731386368689343,1.7197869981936427,1.040336502836477
TCK10,TCK10,2023-09-30,2023-11-14,synthetic_ifrs_interim,IFRS,ru,,synthetic_demo,,406590997.0,123072558.0,72333635.0,,5945240.0,73885491.0,285826305.0,,,10198764.0,43174919.0,955565213.0,719478135.0,,,,594.0,89.0,0.0,0.0,0.0,0.0,0.0,0.0,0.0,0.0,0.0,0.0,0.0,0.0,1.0,1.0,0.0,0.0,0.0,0.0,0.0,0.0,0.0,0.0,0.0,0.0,0.0,0.0,1.0,0.011235955056179775,275627541.0,2.2395531991786504,2.850556778114627,0.30269376082618965,0.1779026971421111,,0.014622163412044266,0.1817194466802225,0.7529346246722357,0.29911752867462327,,0.3462654520380233,0.85267,0.0,0.0,0.0,1.0,0.0,0.0,0.0,1.0,1.0,0.0,0.0,0.0,0.0,1.0,1.0,1.0,1.0,,,,,,,,
TCK10,TCK10,2023-12-31,2024-04-09,synthetic_ifrs_annual,IFRS,ru,,synthetic_demo,,303941022.0,28366305.0,-20722229.0,,58749666.0,49080871.0,123187350.0,,,7585048.0,18104505.0,718930673.0,564783068.0,,,,672.0,99.0,0.0,0.0,0.0,0.0,1.0,1.0,1.0,1.0,0.0,0.0,0.0,0.0,0.0,0.0,0.0,0.0,0.0,0.0,0.0,0.0,0.0,0.0,0.0,0.0,0.0,0.0,2.0,0.020202020202020204,115602302.0,4.075338751381261,1.5668092002515397,0.09332832012389562,-0.06817845404231088,,0.1932929803730146,0.16148156203804565,0.7855876640277942,0.17134802370575722,,0.4078905762291435,0.8529700000000001,0.0,0.0,0.0,1.0,0.0,0.0,0.0,1.0,1.0,0.0,0.0,0.0,0.0,1.0,1.0,1.0,1.0,-0.25246494820936727,-0.7695155974575584,-1.2864812337994627,,8.88179888448574,-0.5690132508972539,-0.5805850838396444,-0.256277721496448
TCK10,TCK10,2024-03-31,2024-05-15,synthetic_ifrs_interim,IFRS,ru,,synthetic_demo,,459337347.0,85947205.0,24430886.0,,-18044459.0,54160156.0,259337840.0,,,27606769.0,57006726.0,1042335800.0,751555415.0,,,,699.0,104.0,0.0,0.0,0.0,0.0,0.0,0.0,1.0,1.0,0.0,0.0,0.0,0.0,0.0,0.0,0.0,0.0,0.0,0.0,1.0,1.0,0.0,0.0,0.0,0.0,0.0,0.0,2.0,0.019230769230769232,231731071.0,2.6962025233979396,1.5076677969543453,0.1871112931733809,0.05318724061860356,,-0.03928367488045774,0.11790932384167752,0.7210300317805451,0.2488045023494348,,0.40753515989245864,0.8531200000000001,0.0,0.0,0.0,1.0,0.0,0.0,0.0,1.0,1.0,0.0,0.0,0.0,0.0,1.0,1.0,1.0,1.0,0.5112713117086248,2.0299048466129093,2.1789699843583428,,-1.3071414737915277,1.1052310971865211,1.004554122114281,2.6396300985834236
TCK10,TCK10,2024-06-30,2024-08-14,synthetic_ifrs_interim,IFRS,ru,,synthetic_demo,,504096201.0,194627974.0,136007483.0,,37388323.0,73257309.0,366609213.0,,,13473287.0,109000873.0,959850611.0,572303820.0,,,,604.0,91.0,0.0,0.0,0.0,0.0,0.0,0.0,1.0,1.0,0.0,0.0,0.0,0.0,0.0,0.0,0.0,0.0,0.0,0.0,0.0,0.0,0.0,0.0,0.0,0.0,0.0,0.0,1.0,0.01098901098901099,353135926.0,1.8144150542305908,1.7855634422304123,0.3860929195933377,0.2698046181070109,,0.07416902354318675,0.14532406484055213,0.596242595922044,0.3819440325386218,,0.33263716235860064,0.8527300000000001,0.0,0.0,0.0,1.0,0.0,0.0,0.0,1.0,1.0,0.0,0.0,0.0,0.0,1.0,1.0,1.0,1.0,0.09744222692173123,1.2645061465349572,4.567030315642257,,3.0720113027495035,0.4136356383626855,0.5239040862155252,-0.5119571218203768
TCK10,TCK10,2024-09-30,2024-11-14,synthetic_ifrs_interim,IFRS,ru,,synthetic_demo,,591659703.0,244545251.0,171553518.0,,197773957.0,3549221.0,555793172.0,,,25524181.0,69220680.0,992588578.0,370221591.0,,,,597.0,89.0,0.0,0.0,0.0,0.0,0.0,0.0,0.0,0.0,0.0,0.0,0.0,0.0,1.0,1.0,0.0,0.0,0.0,0.0,0.0,0.0,0.0,0.0,0.0,0.0,0.0,0.0,1.0,0.011235955056179775,530268991.0,2.1683880133906177,3.532835144063884,0.41332078179405773,0.28995302051186,,0.3342697770309363,0.005998753983081386,0.37298594725517786,0.5599431469581146,,0.2554220272150155,0.85267,0.0,0.0,0.0,1.0,0.0,0.0,0.0,1.0,1.0,0.0,0.0,0.0,0.0,1.0,1.0,1.0,1.0,0.17370395140113346,0.256475346139091,0.2613535242027823,,4.289725270641318,0.5160371106112928,0.5016002393367363,0.8944286572385788
TCK10,TCK10,2024-12-31,2025-04-10,synthetic_ifrs_annual,IFRS,ru,,synthetic_demo,,354065408.0,40479127.0,-1157967.0,,-4011626.0,82495824.0,85650719.0,,,9555666.0,12200908.0,643271667.0,556897655.0,,,,615.0,93.0,0.0,0.0,0.0,0.0,0.0,0.0,0.0,0.0,0.0,0.0,0.0,0.0,0.0,0.0,0.0,0.0,0.0,0.0,1.0,1.0,0.0,0.0,0.0,0.0,0.0,0.0,1.0,0.010752688172043012,76095053.0,1.8798590443909524,3.317714304541924,0.11432669242853569,-0.0032704889374564373,,-0.01133018337673925,0.23299600055817934,0.8657270070624764,0.13314859552177355,,0.33139718349285396,0.85279,0.0,0.0,0.0,1.0,0.0,0.0,0.0,1.0,1.0,0.0,0.0,0.0,0.0,1.0,1.0,1.0,1.0,-0.401572548874433,-0.8344718335994183,-1.0067498878105199,,-1.0202838941023968,-0.8458946181512284,-0.8564972602744557,-0.6256230121546309
TCK10,TCK10,2025-03-31,2025-05-15,synthetic_ifrs_interim,IFRS,ru,,synthetic_demo,,325678956.0,65457768.0,27354450.0,,-70038189.0,10879547.0,133583747.0,,,12498122.0,25078552.0,537236317.0,408495277.0,,,,619.0,93.0,0.0,0.0,0.0,0.0,0.0,0.0,0.0,0.0,0.0,0.0,0.0,0.0,0.0,0.0,0.0,0.0,0.0,0.0,1.0,1.0,0.0,0.0,0.0,0.0,0.0,0.0,1.0,0.010752688172043012,121085625.0,1.8498281976250703,2.6101095469945794,0.20098863249856402,0.08399207101363958,,-0.21505285407510333,0.03340574145048537,0.7603642272009694,0.2486498823198507,,0.3900931780786098,0.85279,0.0,0.0,0.0,1.0,0.0,0.0,0.0,1.0,1.0,0.0,0.0,0.0,0.0,1.0,1.0,1.0,1.0,-0.08017290409799084,0.6170745974832906,24.62282344833661,,-16.458803238387627,0.559633690874212,0.5912417460304549,0.3079278827870292
TCK10,TCK10,2025-06-30,2025-08-14,synthetic_ifrs_interim,IFRS,ru,,synthetic_demo,,390148539.0,106184788.0,52531962.0,,6638455.0,24630775.0,326562054.0,,,21180059.0,68522245.0,602902277.0,186722138.0,,,,600.0,91.0,0.0,0.0,0.0,0.0,0.0,0.0,1.0,1.0,0.0,0.0,0.0,0.0,0.0,0.0,0.0,0.0,0.0,0.0,0.0,0.0,0.0,0.0,0.0,0.0,0.0,0.0,1.0,0.01098901098901099,305381995.0,2.8759486245807637,1.5496396535168981,0.2721650278946707,0.1346460559217934,,0.017015198921454887,0.06313178837765684,0.30970547818979294,0.5416500591521236,,0.40001141003177537,0.8527300000000001,0.0,0.0,0.0,1.0,0.0,0.0,0.0,1.0,1.0,0.0,0.0,0.0,0.0,1.0,1.0,1.0,1.0,0.19795440206459025,0.6221877287352664,0.9204174092332326,,1.0947833616885783,1.4446241502718142,1.52203343708223,0.6946593256170807
TCK11,TCK11,2023-09-30,2023-11-14,synthetic_ifrs_interim,IFRS,ru,,synthetic_demo,,726993016.0,247310577.0,164627238.0,,27655217.0,52994589.0,449151304.0,,,32020786.0,64157590.0,1157766771.0,678200111.0,,,,598.0,90.0,0.0,0.0,0.0,0.0,0.0,0.0,0.0,0.0,0.0,0.0,0.0,0.0,1.0,1.0,0.0,0.0,0.0,0.0,0.0,0.0,0.0,0.0,0.0,0.0,0.0,0.0,1.0,0.011111111111111112,417130518.0,1.686666713005162,3.8547360803297006,0.34018287873070846,0.2264495454245189,,0.03804055388614627,0.07289559573980832,0.5857830160509936,0.38794627316178176,,0.30547841439712287,0.8527000000000001,0.0,0.0,0.0,1.0,0.0,0.0,0.0,1.0,1.0,0.0,0.0,0.0,0.0,1.0,1.0,1.0,1.0,,,,,,,,
TCK11,TCK11,2023-12-31,2024-04-09,synthetic_ifrs_annual,IFRS,ru,,synthetic_demo,,550470855.0,110693893.0,23417215.0,,139229871.0,47801482.0,463716411.0,,,28970933.0,53661189.0,1269709326.0,775220166.0,,,,596.0,90.0,0.0,0.0,0.0,0.0,1.0,1.0,0.0,0.0,0.0,0.0,0.0,0.0,0.0,0.0,0.0,0.0,0.0,0.0,0.0,0.0,0.0,0.0,0.0,0.0,0.0,0.0,1.0,0.011111111111111112,434745478.0,3.9274567568059062,2.062829673789002,0.20108947094029164,0.04254033576400698,,0.2529286877504169,0.08683744391880656,0.6105493203253042,0.36521462157079565,,0.373893154266715,0.8527000000000001,0.0,0.0,0.0,1.0,0.0,0.0,0.0,1.0,1.0,0.0,0.0,0.0,0.0,1.0,1.0,1.0,1.0,-0.24281135735147144,-0.5524093860328505,-0.8577561326759305,,4.034488465594032,0.03242806348392568,0.04222889297205533,-0.09524603799544458
TCK11,TCK11,2024-03-31,2024-05-15,synthetic_ifrs_interim,IFRS,ru,,synthetic_demo,,749947026.0,263527584.0,176348350.0,,-78504575.0,119976446.0,503410712.0,,,25804013.0,158491800.0,1651638140.0,1197963250.0,,,,705.0,105.0,0.0,0.0,0.0,0.0,0.0,0.0,1.0,1.0,0.0,0.0,0.0,0.0,0.0,0.0,0.0,0.0,0.0,0.0,1.0,1.0,0.0,0.0,0.0,0.0,0.0,0.0,2.0,0.01904761904761905,477606699.0,1.812359418891041,1.6627206202465996,0.35139493172681774,0.23514774228866667,,-0.10468016043575856,0.15997989436656557,0.7253182286042389,0.304794797242936,,0.3805719117127355,0.8531500000000001,0.0,0.0,0.0,1.0,0.0,0.0,0.0,1.0,1.0,0.0,0.0,0.0,0.0,1.0,1.0,1.0,1.0,0.36237371913177857,1.3806876500404588,6.530714049471724,,-1.5638486514147527,0.08560038001329222,0.09858922787921442,-0.10931370418757311
TCK11,TCK11,2024-06-30,2024-08-14,synthetic_ifrs_interim,IFRS,ru,,synthetic_demo,,515804649.0,61423831.0,6189412.0,,87446033.0,52552894.0,115694355.0,,,32514238.0,8584596.0,669594001.0,541498383.0,,,,593.0,89.0,0.0,0.0,0.0,0.0,0.0,0.0,0.0,0.0,0.0,0.0,0.0,0.0,1.0,1.0,0.0,0.0,0.0,0.0,0.0,0.0,0.0,0.0,0.0,0.0,0.0,0.0,1.0,0.011235955056179775,83180117.0,1.3541994311621495,7.155121918375658,0.11908351566641269,0.011999527363701601,,0.16953323931750758,0.1018852662570709,0.808696586575303,0.17278284277818673,,0.2413873800316182,0.85267,0.0,0.0,0.0,1.0,0.0,0.0,0.0,1.0,1.0,0.0,0.0,0.0,0.0,1.0,1.0,1.0,1.0,-0.3122118881500838,-0.7669168818395876,-0.9649023537787567,,2.1138972856040557,-0.7701789965089182,-0.8258397188017667,0.2600457921021819
TCK11,TCK11,2024-09-30,2024-11-14,synthetic_ifrs_interim,IFRS,ru,,synthetic_demo,,660783898.0,168660990.0,91441141.0,,86498213.0,49636244.0,348043140.0,,,37192738.0,60107709.0,810609926.0,369301696.0,,,,596.0,89.0,0.0,0.0,0.0,0.0,0.0,0.0,0.0,0.0,0.0,0.0,0.0,0.0,1.0,1.0,0.0,0.0,0.0,0.0,0.0,0.0,0.0,0.0,0.0,0.0,0.0,0.0,1.0,0.011235955056179775,310850402.0,1.843048602999425,2.805979346176711,0.25524379530204594,0.13838282270007735,,0.13090242250424813,0.07511721176958824,0.4555849665230968,0.42935958324300116,,0.30045666338142196,0.85267,0.0,0.0,0.0,1.0,0.0,0.0,0.0,1.0,1.0,0.0,0.0,0.0,0.0,1.0,1.0,1.0,1.0,0.2810739478232194,1.7458559203186137,13.773800968492646,,-0.010838913641742902,2.0082983737624884,2.7370757966113466,0.1438908086974082
TCK11,TCK11,2024-12-31,2025-04-10,synthetic_ifrs_annual,IFRS,ru,,synthetic_demo,,429511706.0,107377927.0,64426756.0,,21475585.0,30065819.0,136560675.0,,,29182749.0,26844482.0,988446571.0,838661223.0,,,,595.0,89.0,0.0,0.0,0.0,0.0,0.0,0.0,0.0,0.0,0.0,0.0,0.0,0.0,1.0,1.0,0.0,0.0,0.0,0.0,0.0,0.0,0.0,0.0,0.0,0.0,0.0,0.0,1.0,0.011235955056179775,107377926.0,0.999999990687099,3.9999999627483964,0.25000000116411264,0.15000000023282253,,0.04999999930153243,0.06999999902214539,0.8484638903158277,0.1381568604784001,,0.2712500000651903,0.85267,0.0,0.0,0.0,1.0,0.0,0.0,0.0,1.0,1.0,0.0,0.0,0.0,0.0,1.0,1.0,1.0,1.0,-0.34999671254095843,-0.36335054715379056,-0.2954292204205982,,-0.7517222118796836,-0.607632907230983,-0.6545671959594249,-0.21536432730497013
TCK11,TCK11,2025-03-31,2025-05-15,synthetic_ifrs_interim,IFRS,ru,,synthetic_demo,,329353886.0,80504138.0,42176495.0,,4247153.0,72672871.0,166086495.0,,,19680786.0,45061670.0,829655808.0,675744836.0,,,,599.0,91.0,0.0,0.0,0.0,0.0,0.0,0.0,1.0,1.0,0.0,0.0,0.0,0.0,0.0,0.0,0.0,0.0,0.0,0.0,0.0,0.0,0.0,0.0,0.0,0.0,0.0,0.0,1.0,0.01098901098901099,146405709.0,1.8186109762457179,1.7865325009037614,0.24443050901181715,0.12805828864578814,,0.01289540880049006,0.2206528420921683,0.8144881642291836,0.20018722631542163,,0.3481141685316905,0.8527300000000001,0.0,0.0,0.0,1.0,0.0,0.0,0.0,1.0,1.0,0.0,0.0,0.0,0.0,1.0,1.0,1.0,1.0,-0.2331899657235419,-0.2502729355168125,-0.34535746297702774,,-0.8022334199510747,0.21621026697473486,0.3634618813553914,-0.32560205345973403
TCK11,TCK11,2025-06-30,2025-08-14,synthetic_ifrs_interim,IFRS,ru,,synthetic_demo,,561546521.0,112087930.0,42654506.0,,61987258.0,3751647.0,258513576.0,,,13899658.0,40274887.0,1136709730.0,907758306.0,,,,596.0,90.0,0.0,0.0,0.0,0.0,0.0,0.0,0.0,0.0,0.0,0.0,0.0,0.0,1.0,1.0,0.0,0.0,0.0,0.0,0.0,0.0,0.0,0.0,0.0,0.0,0.0,0.0,1.0,0.011111111111111112,244613918.0,2.182339507920255,2.7830724888191494,0.19960577763066578,0.0759589889792942,,0.11038668335014046,0.006680919317813742,0.7985840905927672,0.22742268248200884,,0.32074776371452607,0.8527000000000001,0.0,0.0,0.0,1.0,0.0,0.0,0.0,1.0,1.0,0.0,0.0,0.0,0.0,1.0,1.0,1.0,1.0,0.7049943688838091,0.3923250752650752,0.011333587582372599,,13.595014118869747,0.5564996780743672,0.670794941473218,-0.29374477218541983
TCK12,TCK12,2023-09-30,2023-11-14,synthetic_ifrs_interim,IFRS,ru,,synthetic_demo,,137347182.0,26604778.0,3971600.0,,26975950.0,39813.0,119466437.0,,,6678030.0,26655305.0,247084522.0,120292894.0,,,,665.0,98.0,0.0,0.0,0.0,0.0,1.0,1.0,1.0,1.0,0.0,0.0,0.0,0.0,0.0,0.0,0.0,0.0,0.0,0.0,0.0,0.0,0.0,0.0,0.0,0.0,0.0,0.0,2.0,0.02040816326530612,112788407.0,4.239404177700712,0.9981044298686509,0.19370457851840017,0.028916501541327584,,0.1964070147431201,0.0002898712548758372,0.48684916815631213,0.4835043329828649,,0.43646704751006665,0.8529400000000001,0.0,0.0,0.0,1.0,0.0,0.0,0.0,1.0,1.0,0.0,0.0,0.0,0.0,1.0,1.0,1.0,1.0,,,,,,,,
TCK12,TCK12,2023-12-31,2024-04-09,synthetic_ifrs_annual,IFRS,ru,,synthetic_demo,,201074266.0,106402414.0,78458420.0,,-52841006.0,18688927.0,325802963.0,,,12056863.0,34570084.0,369620713.0,18481036.0,,,,619.0,93.0,0.0,0.0,0.0,0.0,0.0,0.0,0.0,0.0,0.0,0.0,0.0,0.0,0.0,0.0,0.0,0.0,0.0,0.0,1.0,1.0,0.0,0.0,0.0,0.0,0.0,0.0,1.0,0.010752688172043012,313746100.0,2.9486746419117895,3.077875483322517,0.5291697247821857,0.3901962272984251,,-0.26279347949975856,0.09294539461355039,0.05000000094691663,0.881452125222214,,0.443748031838834,0.85279,0.0,0.0,0.0,1.0,0.0,0.0,0.0,1.0,1.0,0.0,0.0,0.0,0.0,1.0,1.0,1.0,1.0,0.46398537685323604,2.999372368376838,18.754864538221373,,-2.9588190962690843,1.7271505803759761,1.7817229478203376,0.8054520569688965
TCK12,TCK12,2024-03-31,2024-05-15,synthetic_ifrs_interim,IFRS,ru,,synthetic_demo,,202983069.0,57675716.0,29615112.0,,-4860231.0,19660107.0,173229729.0,,,5274856.0,84053833.0,258936438.0,112755751.0,,,,696.0,103.0,0.0,0.0,0.0,0.0,0.0,0.0,1.0,1.0,0.0,0.0,0.0,0.0,0.0,0.0,0.0,0.0,0.0,0.0,1.0,1.0,0.0,0.0,0.0,0.0,0.0,0.0,2.0,0.019417475728155338,167954873.0,2.912055274701748,0.6861759177597528,0.28414052602584305,0.145899419818113,,-0.023944021656308684,0.0968558958974061,0.4354572568886578,0.6690048350784836,,0.45200000975315513,0.8530900000000001,0.0,0.0,0.0,1.0,0.0,0.0,0.0,1.0,1.0,0.0,0.0,0.0,0.0,1.0,1.0,1.0,1.0,0.009493024830934855,-0.4579472980753989,-0.6225374918332538,,0.9080216035251107,-0.468299098925015,-0.464679009555816,-0.5625017884005151
TCK12,TCK12,2024-06-30,2024-08-14,synthetic_ifrs_interim,IFRS,ru,,synthetic_demo,,117799472.0,37100894.0,20825222.0,,-5447238.0,3797943.0,112718804.0,,,4821581.0,6842077.0,266401400.0,138396155.0,,,,614.0,93.0,0.0,0.0,0.0,0.0,0.0,0.0,0.0,0.0,0.0,0.0,0.0,0.0,0.0,0.0,0.0,0.0,0.0,0.0,1.0,1.0,0.0,0.0,0.0,0.0,0.0,0.0,1.0,0.010752688172043012,107897223.0,2.9082108641371285,5.422460752780187,0.3149495780422513,0.17678535944541415,,-0.046241616431014224,0.03224074722508094,0.5195023562188487,0.42311641004889616,,0.3699353413150943,0.85279,0.0,0.0,0.0,1.0,0.0,0.0,0.0,1.0,1.0,0.0,0.0,0.0,0.0,1.0,1.0,1.0,1.0,-0.41965863172558493,-0.3567328405597947,-0.29680421266007706,,-0.12077759266997803,-0.3493102791842386,-0.3575820631295408,-0.08593125575371158
TCK12,TCK12,2024-09-30,2024-11-14,synthetic_ifrs_interim,IFRS,ru,,synthetic_demo,,184062645.0,46015661.0,27609397.0,,9203132.0,12884385.0,57964700.0,,,11949039.0,11503915.0,412999434.0,358786936.0,,,,592.0,89.0,0.0,0.0,0.0,0.0,0.0,0.0,0.0,0.0,0.0,0.0,0.0,0.0,1.0,1.0,0.0,0.0,0.0,0.0,0.0,0.0,0.0,0.0,0.0,0.0,0.0,0.0,1.0,0.011235955056179775,46015661.0,1.0,4.000000086926929,0.24999999864176678,0.15000000135823321,,0.049999998641766775,0.06999999918506006,0.8687346917768415,0.14035055554095505,,0.27124999964414287,0.85267,0.0,0.0,0.0,1.0,0.0,0.0,0.0,1.0,1.0,0.0,0.0,0.0,0.0,1.0,1.0,1.0,1.0,0.5625082343323237,0.24028442549120244,0.32576723551854575,,2.6895042955714437,-0.48575838331286764,-0.5735232129190202,1.4782408508744331
TCK12,TCK12,2024-12-31,2025-04-10,synthetic_ifrs_annual,IFRS,ru,,synthetic_demo,,147488722.0,51464959.0,28713245.0,,11769813.0,9848463.0,196359802.0,,,5268592.0,12414038.0,197106505.0,25509307.0,,,,589.0,89.0,0.0,0.0,0.0,0.0,1.0,1.0,0.0,0.0,0.0,0.0,0.0,0.0,0.0,0.0,0.0,0.0,0.0,0.0,0.0,0.0,0.0,0.0,0.0,0.0,0.0,0.0,1.0,0.011235955056179775,191091210.0,3.713035310102938,4.14570657831078,0.348941656705114,0.19468095330028015,,0.07980144407244914,0.06677434631239126,0.1294188996958776,0.9962116775395109,,0.3813622879622636,0.85267,0.0,0.0,0.0,1.0,0.0,0.0,0.0,1.0,1.0,0.0,0.0,0.0,0.0,1.0,1.0,1.0,1.0,-0.19870366961204974,0.11842268222551448,0.03998088042270535,,0.2788921206389303,2.3875755761696342,3.152742910723373,-0.5590781819358025
TCK12,TCK12,2025-03-31,2025-05-15,synthetic_ifrs_interim,IFRS,ru,,synthetic_demo,,219474529.0,42088302.0,11373196.0,,22408410.0,15981361.0,135351222.0,,,9194930.0,23223261.0,367615388.0,209952485.0,,,,599.0,91.0,0.0,0.0,0.0,0.0,0.0,0.0,1.0,1.0,0.0,0.0,0.0,0.0,0.0,0.0,0.0,0.0,0.0,0.0,0.0,0.0,0.0,0.0,0.0,0.0,0.0,0.0,1.0,0.01098901098901099,126156292.0,2.997419377954473,1.8123338492384855,0.1917685035788367,0.051820118042034846,,0.10210027606438103,0.07281647247549168,0.5711199581231894,0.36818704118011514,,0.3767273410763623,0.8527300000000001,0.0,0.0,0.0,1.0,0.0,0.0,0.0,1.0,1.0,0.0,0.0,0.0,0.0,1.0,1.0,1.0,1.0,0.48807668833146445,-0.18219497658591352,-0.6039041912538969,,0.9038883625423786,-0.31069790954464294,-0.33981111951721904,0.7452347799943514
TCK12,TCK12,2025-06-30,2025-08-14,synthetic_ifrs_interim,IFRS,ru,,synthetic_demo,,196448643.0,40724332.0,12484291.0,,-47403700.0,22700130.0,142938635.0,,,13124144.0,35857592.0,446027262.0,297416139.0,,,,769.0,111.0,0.0,0.0,0.0,0.0,1.0,1.0,1.0,1.0,0.0,0.0,0.0,0.0,0.0,0.0,0.0,0.0,0.0,0.0,1.0,1.0,0.0,0.0,0.0,0.0,0.0,0.0,3.0,0.02702702702702703,129814491.0,3.187639541883707,1.1357241166668415,0.20730268928352943,0.0635498968552305,,-0.2413032702903425,0.11555249073418135,0.6668115703654006,0.32047062405795274,,0.4934301014202605,0.8533300000000001,0.0,0.0,0.0,1.0,0.0,0.0,0.0,1.0,1.0,0.0,0.0,0.0,0.0,1.0,1.0,1.0,1.0,-0.10491370504319433,-0.032407342068587135,0.09769417497069426,,-3.1154423718594937,0.05605721830867549,0.0289973567073452,0.4273239709274568
