date,cbr_key_rate,usd_rub,ofz_slope_10y_2y,imoex_realized_vol_20d,average_market_correlation_60d
2022-01-03,8.5,75.1315,-0.25,0.016712723168062334,0.6672652422015889
2022-01-04,8.5,75.1315,-0.25,0.016712723168062334,0.6672652422015889
2022-01-05,8.5,75.1315,-0.25,0.016712723168062334,0.6672652422015889
2022-01-06,8.5,75.1315,-0.25,0.016712723168062334,0.6672652422015889
2022-01-07,8.5,75.1315,-0.25,0.016712723168062334,0.6672652422015889
2022-01-10,8.5,75.1315,-0.25,0.016712723168062334,0.6672652422015889
2022-01-11,8.5,75.1315,-0.25,0.016712723168062334,0.6672652422015889
2022-01-12,8.5,74.8355,-0.25,0.016712723168062334,0.6672652422015889
2022-01-13,8.5,74.5277,-0.25,0.016712723168062334,0.6672652422015889
2022-01-14,8.5,74.5686,-0.25,0.016712723168062334,0.6672652422015889
2022-01-17,8.5,75.7668,-0.25,0.016712723168062334,0.6672652422015889
2022-01-18,8.5,76.0404,-0.25,0.02344217729967527,0.6672652422015889
2022-01-19,8.5,76.3347,-0.25,0.025901631298807116,0.6672652422015889
2022-01-20,8.5,76.8697,-0.25,0.026358022243280807,0.6672652422015889
2022-01-21,8.5,76.4408,-0.25,0.025645852467397864,0.6672652422015889
2022-01-24,8.5,76.6903,-0.25,0.02806879590673019,0.6672652422015889
2022-01-25,8.5,77.3649,-0.25,0.02750647944871673,0.6672652422015889
2022-01-26,8.5,78.6422,-0.25,0.028378296490903666,0.6672652422015889
2022-01-27,8.5,78.9437,-0.25,0.02887466948350066,0.6672652422015889
2022-01-28,8.5,78.947,-0.25,0.02827329903351071,0.6672652422015889
2022-01-31,8.5,77.8174,-0.25,0.02777440464600299,0.6672652422015889
2022-02-01,8.5,77.4702,-0.25,0.027767239450367517,0.6672652422015889
2022-02-02,8.5,77.1302,-0.25,0.02764874734892296,0.6581020517936961
2022-02-03,8.5,76.4849,-0.25,0.027770722599196558,0.6543274095699254
2022-02-04,8.5,76.6501,-0.25,0.027712097943961705,0.6517536110543679
2022-02-07,8.5,76.0509,-0.25,0.027697150651290713,0.6436803363550806
2022-02-08,8.5,75.6806,-0.25,0.028125162520283326,0.6392932299505381
2022-02-09,8.5,75.3042,-0.25,0.028614959193820014,0.6418646669038435
2022-02-10,8.5,74.8015,-0.25,0.02717331943877716,0.635389356084004
2022-02-11,8.5,74.7241,-0.25,0.027597624237057545,0.6509778704991787
2022-02-14,9.5,74.9867,-0.25,0.027812084859573077,0.6427552567228265
2022-02-15,9.5,76.5762,-0.25,0.024382177045201132,0.6402341098805917
2022-02-16,9.5,76.166,-0.25,0.023569679552853086,0.6388517516706562
2022-02-17,9.5,75.0141,-0.25,0.02471864827635929,0.643261306308542
2022-02-18,9.5,75.7527,-0.25,0.025397832271165745,0.6521151865719365
2022-02-21,9.5,75.7619,-0.25,0.03214620273857111,0.756433755778482
2022-02-22,9.5,76.7671,-0.25,0.03233982778898111,0.7530023225206398
2022-02-24,9.5,80.4194,-0.25,0.07996731989768574,0.8672449333211918
2022-02-25,9.5,86.9288,-0.5700000000000003,0.09355487461477055,0.8359013530300189
2022-03-24,20.0,103.1618,-0.5700000000000003,0.09427634992159689,0.7876723613012016
2022-03-25,20.0,96.0458,-0.5700000000000003,0.09430307590585353,0.7718529478855846
2022-03-28,20.0,95.6618,-0.5700000000000003,0.09422939368962933,0.7576479577314575
2022-03-29,20.0,93.7125,-0.5700000000000003,0.09419016265151406,0.7434329515576591
2022-03-30,20.0,86.2843,-0.5700000000000003,0.09504757756495422,0.7312752713679915
2022-03-31,20.0,84.0851,-1.3399999999999999,0.09700340499483967,0.728489926278667
2022-04-01,20.0,83.4097,-1.3399999999999999,0.0971965099278053,0.7132806275955952
2022-04-04,20.0,83.4285,-1.3399999999999999,0.09703065718063539,0.709066287454489
2022-04-05,20.0,83.5932,-1.3399999999999999,0.09708661532055289,0.7079741401316857
2022-04-06,20.0,83.352,-1.3399999999999999,0.09703957001235873,0.7055325359500475
2022-04-07,20.0,82.5962,-1.3399999999999999,0.09704469690708399,0.7041421363958161
2022-04-08,20.0,76.2547,-1.3399999999999999,0.09703544287744814,0.7004670193160953
2022-04-11,17.0,74.8501,-1.3399999999999999,0.09649090506896424,0.6982094061014738
2022-04-12,17.0,79.1596,-1.3399999999999999,0.09632784205261828,0.6974505889019581
2022-04-13,17.0,79.6274,-1.3399999999999999,0.09616974641751826,0.6961437663335015
2022-04-14,17.0,79.8471,-1.3399999999999999,0.09641860579974752,0.6990267649678779
2022-04-15,17.0,81.288,-1.3399999999999999,0.09396335680645321,0.6984876491280437
2022-04-18,17.0,80.0437,-1.3399999999999999,0.09400582492775572,0.697309194248727
2022-04-19,17.0,79.4529,-1.3399999999999999,0.055133874985365317,0.6957097156987181
2022-04-20,17.0,79.0287,-1.3399999999999999,0.03127625045991285,0.692759746256971
2022-04-21,17.0,77.0809,-1.3399999999999999,0.02969097282350082,0.6900804141735843
2022-04-22,17.0,74.999,-1.3399999999999999,0.028940699527811656,0.6879595895956538
2022-04-25,17.0,73.505,-1.3399999999999999,0.02891435749676888,0.6850549858848902
2022-04-26,17.0,73.3611,-1.3399999999999999,0.03236245678455651,0.6865970756253149
2022-04-27,17.0,72.7089,-1.3399999999999999,0.03252898916564998,0.685136731935718
2022-04-28,17.0,72.8764,-1.3399999999999999,0.027116659145970192,0.6847803669277563
2022-04-29,17.0,72.2953,0.6400000000000006,0.027399877644797416,0.6849130412823302
2022-05-04,14.0,71.0237,0.6400000000000006,0.027625372268830703,0.6846891635285204
2022-05-05,14.0,69.416,0.6400000000000006,0.02654864584159045,0.684957660705192
2022-05-06,14.0,66.2378,0.6400000000000006,0.026328001357409838,0.6837998165538341
2022-05-11,14.0,67.3843,0.6400000000000006,0.02614876718220445,0.6832542132809368
2022-05-12,14.0,68.8389,0.6400000000000006,0.02705654886513354,0.6857098773729392
2022-05-13,14.0,65.7916,0.6400000000000006,0.027072511669511114,0.6822212669073653
2022-05-16,14.0,63.7799,0.6400000000000006,0.02785910476185585,0.6836473562982716
2022-05-17,14.0,63.4445,0.6400000000000006,0.02856571446834363,0.6843718745537037
2022-05-18,14.0,63.5428,0.6400000000000006,0.026377129967886423,0.6849595091406087
2022-05-19,14.0,63.5643,0.6400000000000006,0.026339694228316023,0.6836262018412579
2022-05-20,14.0,62.4031,0.6400000000000006,0.025844939848380717,0.684537776755812
2022-05-23,14.0,58.8862,0.6400000000000006,0.026655462490252052,0.6856201503827805
2022-05-24,14.0,58.2087,0.6400000000000006,0.026631363974090515,0.6833190111650311
2022-05-25,14.0,56.969,0.6400000000000006,0.026327350570129554,0.683407812478977
2022-05-26,14.0,56.2996,0.6400000000000006,0.026709553214295884,0.6831900394629087
2022-05-27,11.0,62.0495,0.6400000000000006,0.026119735100904973,0.6826211846893849
2022-05-30,11.0,66.4029,0.6400000000000006,0.022671318608732505,0.6821622972513681
2022-05-31,11.0,63.0975,-0.3699999999999992,0.020617668526608783,0.6816093962257526
2022-06-01,11.0,61.6069,-0.3699999999999992,0.020378301471447244,0.6814912968135828
2022-06-02,11.0,61.4733,-0.3699999999999992,0.019673595266090214,0.6761950157617284
2022-06-03,11.0,61.575,-0.3699999999999992,0.018814941029393198,0.6726083672983322
2022-06-06,11.0,61.9659,-0.3699999999999992,0.018614984477516777,0.6708146104040756
2022-06-07,11.0,61.1094,-0.3699999999999992,0.018662164368209663,0.6707495355632943
2022-06-08,11.0,60.9565,-0.3699999999999992,0.018917249713594923,0.6689032656658472
2022-06-09,11.0,60.2282,-0.3699999999999992,0.017089804299964192,0.6694949288467703
2022-06-10,11.0,58.3895,-0.3699999999999992,0.017080388658161118,0.6681734906197906
2022-06-14,9.5,57.778,-0.3699999999999992,0.01604658324053882,0.6670398627472588
2022-06-15,9.5,57.0926,-0.3699999999999992,0.015178580637069136,0.6655185781573427
2022-06-16,9.5,56.6624,-0.3699999999999992,0.015939607501722755,0.666398681709449
2022-06-17,9.5,56.8691,-0.3699999999999992,0.01597611001121649,0.6413842935045991
2022-06-20,9.5,56.7101,-0.3699999999999992,0.01568206342864702,0.6401272281842713
2022-06-21,9.5,56.1727,-0.3699999999999992,0.014695982943307843,0.44347078010952296
2022-06-22,9.5,54.7081,-0.3699999999999992,0.014687551075388348,0.4582580372638539
2022-06-23,9.5,53.2788,-0.3699999999999992,0.014292292576658464,0.42680450629865346
2022-06-24,9.5,53.3578,-0.3699999999999992,0.012523860607600162,0.43399077228342653
2022-06-27,9.5,53.3234,-0.3699999999999992,0.012753530179464772,0.43871175361432074
2022-06-28,9.5,53.3641,-0.3699999999999992,0.012759949258913312,0.4391776108302088
2022-06-29,9.5,52.9699,-0.3699999999999992,0.012354362684091796,0.44158752293809533
2022-06-30,9.5,51.158,0.1399999999999988,0.020430235828523956,0.40564012025532814
2022-07-01,9.5,52.5123,0.1399999999999988,0.02028248692434122,0.4196907098019529
2022-07-04,9.5,53.7676,0.1399999999999988,0.020118509517981997,0.42189114353632123
2022-07-05,9.5,55.0858,0.1399999999999988,0.020170582469953232,0.4097032520583043
2022-07-06,9.5,58.5118,0.1399999999999988,0.020134616373301717,0.4150536073184008
2022-07-07,9.5,62.911,0.1399999999999988,0.01991447175330448,0.41334151417660747
2022-07-08,9.5,63.1427,0.1399999999999988,0.019804572299314586,0.4155290963069887
2022-07-11,9.5,61.2664,0.1399999999999988,0.020620931892496256,0.423115134061241
2022-07-12,9.5,61.3045,0.1399999999999988,0.020726250405851715,0.42608639178248764
2022-07-13,9.5,58.8541,0.1399999999999988,0.021073322860366183,0.43564545148093614
2022-07-14,9.5,58.5322,0.1399999999999988,0.020076796933407713,0.40875686661616367
2022-07-15,9.5,58.2568,0.1399999999999988,0.021105341519283463,0.41461510568328647
2022-07-18,9.5,57.8323,0.1399999999999988,0.020150498270168217,0.4107274427088635
2022-07-19,9.5,56.5616,0.1399999999999988,0.0199856396142606,0.4124879847692259
2022-07-20,9.5,55.437,0.1399999999999988,0.01986610942096769,0.4130479398477949
2022-07-21,9.5,54.8491,0.1399999999999988,0.019335542074611356,0.41271173236770636
2022-07-22,9.5,56.4783,0.1399999999999988,0.020371691139538618,0.4150786245617117
2022-07-25,8.0,57.3917,0.1399999999999988,0.020603138654056847,0.4175642438105176
2022-07-26,8.0,57.7821,0.1399999999999988,0.022116371565513722,0.3927324229505248
2022-07-27,8.0,58.6605,0.1399999999999988,0.02207207588378555,0.377818390679903
2022-07-28,8.0,60.2198,0.1399999999999988,0.014889932415490805,0.37506705730425427
2022-07-29,8.0,60.2031,1.3800000000000008,0.015110885054408885,0.3679950079123706
2022-08-01,8.0,61.3101,1.3800000000000008,0.01550407968288716,0.3652328360157884
2022-08-02,8.0,62.0506,1.3800000000000008,0.015865876383689602,0.36740832215988056
2022-08-03,8.0,60.1595,1.3800000000000008,0.01589552417171319,0.36964273309235446
2022-08-04,8.0,60.2374,1.3800000000000008,0.01586548724947916,0.37327185937641433
2022-08-05,8.0,60.258,1.3800000000000008,0.01697395112311822,0.36879610635983073
2022-08-08,8.0,60.3696,1.3800000000000008,0.016627009784219278,0.3692956424974101
2022-08-09,8.0,60.3164,1.3800000000000008,0.017268722425538237,0.36695798704356375
2022-08-10,8.0,60.3814,1.3800000000000008,0.01596697000074341,0.36306531348825255
2022-08-11,8.0,60.4542,1.3800000000000008,0.016067673285944134,0.3633302698121447
2022-08-12,8.0,60.6229,1.3800000000000008,0.015375543744143225,0.3640359154562764
2022-08-15,8.0,60.8993,1.3800000000000008,0.01535937272915636,0.35525647934129395
2022-08-16,8.0,61.3747,1.3800000000000008,0.01551822682230909,0.3367363827565668
2022-08-17,8.0,61.4247,1.3800000000000008,0.015758514969002557,0.339207160473772
2022-08-18,8.0,60.7552,1.3800000000000008,0.015450913454317226,0.33578092759620504
2022-08-19,8.0,59.957,1.3800000000000008,0.014895342310542427,0.32835099041457655
2022-08-22,8.0,59.1321,1.3800000000000008,0.014879440862638803,0.3342610532392046
2022-08-23,8.0,59.7419,1.3800000000000008,0.013737526505901867,0.3389635006856791
2022-08-24,8.0,59.8963,1.3800000000000008,0.01382267081429101,0.33534951415232755
2022-08-25,8.0,59.9974,1.3800000000000008,0.013792330750378107,0.33505689932652527
2022-08-26,8.0,59.7699,1.3800000000000008,0.013748917409994146,0.33547340220864275
2022-08-29,8.0,60.0924,1.3800000000000008,0.013370104192219227,0.3449843229047068
2022-08-30,8.0,60.3636,1.3800000000000008,0.012296137350251072,0.3444100063167584
2022-08-31,8.0,60.3677,1.2699999999999996,0.014512735638233272,0.3472822789975224
2022-09-01,8.0,60.2386,1.2699999999999996,0.01459391643552041,0.33347661281339386
2022-09-02,8.0,60.237,1.2699999999999996,0.011751256358677298,0.3319586680342141
2022-09-05,8.0,60.3713,1.2699999999999996,0.011636023186758767,0.33475482651155275
2022-09-06,8.0,60.9033,1.2699999999999996,0.013419106457901947,0.3487888133807631
2022-09-07,8.0,60.8544,1.2699999999999996,0.013899711124506971,0.3497251676895567
2022-09-08,8.0,61.1814,1.2699999999999996,0.013719201265578627,0.33772823572080307
2022-09-09,8.0,60.801,1.2699999999999996,0.013871823334023002,0.3417446263206483
2022-09-12,8.0,60.4696,1.2699999999999996,0.013886864084392101,0.3366952988389406
2022-09-13,8.0,60.4568,1.2699999999999996,0.013591343697420369,0.33347693223222563
2022-09-14,8.0,60.0676,1.2699999999999996,0.013381494365075191,0.33484675481765747
2022-09-15,8.0,59.7751,1.2699999999999996,0.013367695151163187,0.3359953590174682
2022-09-16,8.0,59.6663,1.2699999999999996,0.013517053168362261,0.33841965903810617
2022-09-19,7.5,60.0316,1.2699999999999996,0.013405450605239434,0.3397082506540739
2022-09-20,7.5,60.1662,1.2699999999999996,0.024504371414043283,0.457137473914823
2022-09-21,7.5,60.0158,1.2699999999999996,0.025905512205725192,0.4932183444545373
2022-09-22,7.5,60.8685,1.2699999999999996,0.02679524219135693,0.48735108416945855
2022-09-23,7.5,59.8318,1.2699999999999996,0.02847706094602892,0.5176537168751262
2022-09-26,7.5,58.1006,1.2699999999999996,0.03232086704618788,0.6160255143636818
2022-09-27,7.5,57.999,1.2699999999999996,0.03246848761969352,0.6314598187590639
2022-09-28,7.5,58.1756,1.2699999999999996,0.030615205268753488,0.6281948189709814
2022-09-29,7.5,58.4485,1.2699999999999996,0.029897335954202808,0.6289431116608843
2022-09-30,7.5,57.413,1.5799999999999983,0.02963467146149357,0.6169389479684866
2022-10-03,7.5,55.2987,1.5799999999999983,0.0318342022268936,0.6231778633662096
2022-10-04,7.5,57.5664,1.5799999999999983,0.03170021916470948,0.6177458485289667
2022-10-05,7.5,58.7913,1.5799999999999983,0.03169732090382263,0.6074479556368895
2022-10-06,7.5,59.4043,1.5799999999999983,0.03169811979262765,0.606452317051486
2022-10-07,7.5,60.2534,1.5799999999999983,0.03188123141210087,0.6207346133254679
2022-10-10,7.5,61.2475,1.5799999999999983,0.031529842544395066,0.6104252869526059
2022-10-11,7.5,62.3126,1.5799999999999983,0.03210264468980165,0.6114272454017743
2022-10-12,7.5,63.684,1.5799999999999983,0.032185146319558156,0.6123527459282428
2022-10-13,7.5,63.7559,1.5799999999999983,0.03212750723549605,0.6172066188597014
2022-10-14,7.5,63.4917,1.5799999999999983,0.03215691254943509,0.6166171814115149
2022-10-17,7.5,63.0558,1.5799999999999983,0.033482025058108114,0.6274751848642403
2022-10-18,7.5,61.7634,1.5799999999999983,0.027939194100178023,0.6255535500337637
2022-10-19,7.5,61.7032,1.5799999999999983,0.027292359446747246,0.625692313104133
2022-10-20,7.5,61.5905,1.5799999999999983,0.027039811560843213,0.626002632639179
2022-10-21,7.5,61.5018,1.5799999999999983,0.02522329061550705,0.6313065741667437
2022-10-24,7.5,61.1958,1.5799999999999983,0.018287752926205242,0.6281890942722855
2022-10-25,7.5,61.1629,1.5799999999999983,0.01935284814395532,0.6301068792995311
2022-10-26,7.5,61.3326,1.5799999999999983,0.019461269008379134,0.6309252271572606
2022-10-27,7.5,61.4277,1.5799999999999983,0.019680551663096478,0.6315608799811399
2022-10-28,7.5,61.3589,1.5799999999999983,0.019684490335468985,0.626498810643842
2022-10-31,7.5,61.5343,1.9800000000000004,0.017562105351306465,0.6282320099314438
2022-11-01,7.5,61.6229,1.9800000000000004,0.01756098128758927,0.6287993257863538
2022-11-02,7.5,61.4275,1.9800000000000004,0.01738278240667684,0.6295184025857697
2022-11-03,7.5,61.6175,1.9800000000000004,0.01749275678490812,0.6305337129229119
2022-11-07,7.5,62.0955,1.9800000000000004,0.01520258666633198,0.631631473997065
2022-11-08,7.5,61.2367,1.9800000000000004,0.014513605259130787,0.6312962941143402
2022-11-09,7.5,60.9774,1.9800000000000004,0.01538762553148906,0.6338860437927346
2022-11-10,7.5,61.0611,1.9800000000000004,0.015689898857259136,0.6366843407608258
2022-11-11,7.5,61.2434,1.9800000000000004,0.01567026402813754,0.6341986798449182
2022-11-14,7.5,60.2179,1.9800000000000004,0.015586972467502026,0.6335389651569199
2022-11-15,7.5,60.3982,1.9800000000000004,0.014881600178656352,0.6393738928456676
2022-11-16,7.5,60.3116,1.9800000000000004,0.014857686189039501,0.643010219079824
2022-11-17,7.5,60.3484,1.9800000000000004,0.01321835282166817,0.6431335442252578
2022-11-18,7.5,60.3894,1.9800000000000004,0.012630887481988966,0.645422928691925
2022-11-21,7.5,60.3741,1.9800000000000004,0.013531726195193371,0.6466458138447413
2022-11-22,7.5,60.7379,1.9800000000000004,0.013660601656251268,0.6465710200349235
2022-11-23,7.5,60.6566,1.9800000000000004,0.011881467697301445,0.648268525070655
2022-11-24,7.5,60.5043,1.9800000000000004,0.011793059670815433,0.6568679562992205
2022-11-25,7.5,60.3866,1.9800000000000004,0.01110481605533802,0.672196562353611
2022-11-28,7.5,60.4797,1.9800000000000004,0.01127662695336735,0.6784060777679728
2022-11-29,7.5,60.752,1.9800000000000004,0.011299052599284997,0.6808521978474185
2022-11-30,7.5,61.0742,2.249999999999999,0.011337053828376338,0.6792068517216244
2022-12-01,7.5,60.8803,2.249999999999999,0.011410450959894552,0.6818297866221483
2022-12-02,7.5,61.1479,2.249999999999999,0.01126366279401441,0.6797293324175362
2022-12-05,7.5,61.7749,2.249999999999999,0.010208865365156826,0.6778450512879001
2022-12-06,7.5,62.1849,2.249999999999999,0.010281952414212005,0.6776539565663264
2022-12-07,7.5,62.9103,2.249999999999999,0.009359573916773079,0.6786542203089737
2022-12-08,7.5,62.9372,2.249999999999999,0.008205185794154121,0.6810168006652841
2022-12-09,7.5,62.5722,2.249999999999999,0.008169068772334653,0.6798701640279501
2022-12-12,7.5,62.3813,2.249999999999999,0.0075569281623299,0.6794439150262563
2022-12-13,7.5,62.7674,2.249999999999999,0.0073294502186625875,0.679020727791283
2022-12-14,7.5,63.212,2.249999999999999,0.00740022194705271,0.6467541175322259
2022-12-15,7.5,63.359,2.249999999999999,0.007954996598800628,0.636410263965214
2022-12-16,7.5,64.3015,2.249999999999999,0.00802031078043078,0.6349601155985078
2022-12-19,7.5,64.6078,2.249999999999999,0.007022004674508932,0.6196097666301487
2022-12-20,7.5,66.3474,2.249999999999999,0.0061776014336377,0.4871234308274987
2022-12-21,7.5,69.0037,2.249999999999999,0.005807323359846576,0.4649943863324485
2022-12-22,7.5,70.5256,2.249999999999999,0.0059210969312019105,0.47105817265525923
2022-12-23,7.5,72.1306,2.249999999999999,0.00581905966485456,0.47166193322594746
2022-12-26,7.5,68.676,2.249999999999999,0.005926709071434162,0.488530516534491
2022-12-27,7.5,68.4487,2.249999999999999,0.006014680984257486,0.4596103708041238
2022-12-28,7.5,69.9346,2.249999999999999,0.006023896926408305,0.46705930101178733
2022-12-29,7.5,71.3261,2.249999999999999,0.005904733322049534,0.48124439572106104
2022-12-30,7.5,71.9778,2.3600000000000003,0.005951979073439154,0.4849768102910897
2023-01-03,7.5,70.3375,2.3600000000000003,0.005518127577098452,0.4130543945397148
2023-01-04,7.5,70.3375,2.3600000000000003,0.005417438579947934,0.456468264461988
2023-01-05,7.5,70.3375,2.3600000000000003,0.005520500410497681,0.455081696753788
2023-01-06,7.5,70.3375,2.3600000000000003,0.005475336163253726,0.4565414728328128
2023-01-09,7.5,70.3375,2.3600000000000003,0.00551258254409723,0.45392469251864853
2023-01-10,7.5,70.3002,2.3600000000000003,0.005507588426731832,0.4543251863631716
2023-01-11,7.5,69.6094,2.3600000000000003,0.006231283643772195,0.40231169053761784
2023-01-12,7.5,69.0202,2.3600000000000003,0.006014543555804612,0.39698139040242975
2023-01-13,7.5,67.7775,2.3600000000000003,0.004836503804197375,0.40105346672311376
2023-01-16,7.5,67.5744,2.3600000000000003,0.005294352843146743,0.4023388264103949
2023-01-17,7.5,68.2892,2.3600000000000003,0.006205894353521497,0.411183774337909
2023-01-18,7.5,68.6644,2.3600000000000003,0.006031190431106739,0.4189412093505141
2023-01-19,7.5,68.8728,2.3600000000000003,0.006798782062411367,0.40374217251714084
2023-01-20,7.5,68.8467,2.3600000000000003,0.006800056213410974,0.40623656901539895
2023-01-23,7.5,68.6656,2.3600000000000003,0.0070039787512303124,0.40406022622614
2023-01-24,7.5,68.6288,2.3600000000000003,0.007044781432711607,0.40944648349469054
2023-01-25,7.5,68.7529,2.3600000000000003,0.0069694396416029765,0.41627387769634894
2023-01-26,7.5,68.9573,2.3600000000000003,0.006859832038306522,0.4191958176911064
2023-01-27,7.5,69.1263,2.3600000000000003,0.007175055291638035,0.4158509595734671
2023-01-30,7.5,69.3372,2.3600000000000003,0.007279476678094003,0.41542232017586556
2023-01-31,7.5,69.5927,2.71,0.007336243285501778,0.3916028654179241
2023-02-01,7.5,70.5174,2.71,0.007299145958057147,0.3931716894758075
2023-02-02,7.5,70.1217,2.71,0.007181011122828361,0.3710360066841615
2023-02-03,7.5,70.0414,2.71,0.007163476326358523,0.3454355047816606
2023-02-06,7.5,70.3847,2.71,0.007415047427135003,0.3507393756609032
2023-02-07,7.5,70.5991,2.71,0.007421814555031102,0.3534191206487922
2023-02-08,7.5,70.8924,2.71,0.0072935629431864395,0.3029183866348716
2023-02-09,7.5,71.5763,2.71,0.007310876691076606,0.2795715253143628
2023-02-10,7.5,72.8949,2.71,0.007240356576184556,0.2794134459721293
2023-02-13,7.5,72.7923,2.71,0.006852407896029222,0.2788578336542905
2023-02-14,7.5,73.6307,2.71,0.007018684110773175,0.2741056023865947
2023-02-15,7.5,73.8645,2.71,0.009758783562094408,0.3429817634577983
2023-02-16,7.5,74.2077,2.71,0.009439708302352022,0.3437108142613776
2023-02-17,7.5,74.7638,2.71,0.009574352583189295,0.3451929556859427
2023-02-20,7.5,74.7588,2.71,0.009497635769532858,0.3439799733479995
2023-02-21,7.5,74.0432,2.71,0.00983368050365792,0.3561171052775115
2023-02-22,7.5,74.8596,2.71,0.009823607306548637,0.3542355385533732
2023-02-24,7.5,74.7087,2.71,0.009830726813225728,0.353673557374297
2023-02-27,7.5,74.7087,2.71,0.010113028424323411,0.3665861607393632
2023-02-28,7.5,75.4323,2.5599999999999987,0.010074380063629778,0.36384386849965955
2023-03-01,7.5,74.8932,2.5599999999999987,0.010180114849047881,0.37067975524765906
2023-03-02,7.5,75.2513,2.5599999999999987,0.010545107895733761,0.3826935261654529
2023-03-03,7.5,75.4729,2.5599999999999987,0.010606124790719556,0.3881194541222513
2023-03-06,7.5,75.4592,2.5599999999999987,0.010791504210340204,0.3884710189541136
2023-03-07,7.5,75.4728,2.5599999999999987,0.010550238536234548,0.3948739738516504
2023-03-09,7.5,75.4577,2.5599999999999987,0.010554649604875016,0.3989320776315117
2023-03-10,7.5,75.9028,2.5599999999999987,0.010524053879320622,0.40091620897592495
2023-03-13,7.5,75.9406,2.5599999999999987,0.010507282876301677,0.3948232194717406
2023-03-14,7.5,75.4609,2.5599999999999987,0.010695192365085454,0.3810912672719004
2023-03-15,7.5,75.1927,2.5599999999999987,0.011082227648112711,0.3884587975903068
2023-03-16,7.5,75.7457,2.5599999999999987,0.010583420361883294,0.39844308487502594
2023-03-17,7.5,76.4095,2.5599999999999987,0.009828610849701968,0.4191815346794543
2023-03-20,7.5,76.6044,2.5599999999999987,0.01144537631848925,0.4486063528245902
2023-03-21,7.5,77.2422,2.5599999999999987,0.011492964180076769,0.45408129191386126
2023-03-22,7.5,76.8373,2.5599999999999987,0.0115861635915225,0.4542178335875066
2023-03-23,7.5,76.9561,2.5599999999999987,0.011503524025392606,0.45330083561802326
2023-03-24,7.5,76.3072,2.5599999999999987,0.01148346612653241,0.4540862977962927
2023-03-27,7.5,76.4479,2.5599999999999987,0.01196510579625424,0.4519295340579524
2023-03-28,7.5,76.5662,2.5599999999999987,0.011769721761139138,0.4515070122379069
2023-03-29,7.5,76.5939,2.5599999999999987,0.011790872173400371,0.4524294670765958
2023-03-30,7.5,76.9781,2.5599999999999987,0.011674906853511628,0.44898976148255726
2023-03-31,7.5,77.0863,2.58,0.011387302839066795,0.45095239783112917
2023-04-03,7.5,77.3233,2.58,0.011413228923531008,0.43940467920015425
2023-04-04,7.5,77.951,2.58,0.011346804296949412,0.4343096574244894
2023-04-05,7.5,79.3563,2.58,0.01135602673891874,0.43215992759921745
2023-04-06,7.5,79.4961,2.58,0.011317145837812417,0.43015123844604997
2023-04-07,7.5,80.6713,2.58,0.011046773064471755,0.44205175053422835
2023-04-10,7.5,82.3988,2.58,0.011124923085178588,0.4507558509538382
2023-04-11,7.5,81.7441,2.58,0.011368274847497336,0.4570453800379179
2023-04-12,7.5,82.1799,2.58,0.010640347743921079,0.45524344427217944
2023-04-13,7.5,82.0934,2.58,0.010528424130784099,0.44223813442305676
2023-04-14,7.5,81.6758,2.58,0.009093165500189382,0.43963386730952836
2023-04-17,7.5,81.5045,2.58,0.007058314163064958,0.4368103350968403
2023-04-18,7.5,81.6279,2.58,0.00704604777000182,0.4337884244699802
2023-04-19,7.5,81.6028,2.58,0.007133155174093518,0.4372041271432211
2023-04-20,7.5,81.6549,2.58,0.007154512299086609,0.42858220054771146
2023-04-21,7.5,81.6188,2.58,0.007169963054034872,0.4255478143809395
2023-04-24,7.5,81.4863,2.58,0.006300311431601414,0.4263095034772767
2023-04-25,7.5,81.2745,2.58,0.006462618646560931,0.43779330146545886
2023-04-26,7.5,81.5499,2.58,0.006531272605746455,0.43502710038925313
2023-04-27,7.5,81.6274,2.58,0.006692953242435666,0.4378632507108351
2023-04-28,7.5,81.5601,2.9499999999999993,0.0065569481092874,0.44254186948365853
2023-05-02,7.5,80.5093,2.9499999999999993,0.00837240248229832,0.45325313425762304
2023-05-03,7.5,79.9609,2.9499999999999993,0.009571071962864434,0.4769955071271882
2023-05-04,7.5,79.3071,2.9499999999999993,0.00946190176165039,0.48111709171665373
2023-05-05,7.5,78.6139,2.9499999999999993,0.009517036283207091,0.48979328167089115
2023-05-08,7.5,76.8207,2.9499999999999993,0.009549275511515265,0.48826012424402854
2023-05-10,7.5,76.8207,2.9499999999999993,0.009073274691759564,0.502821420029127
2023-05-11,7.5,76.6929,2.9499999999999993,0.009833487579536272,0.5033974376967291
2023-05-12,7.5,75.8846,2.9499999999999993,0.010237424073504494,0.5019009321096511
2023-05-15,7.5,77.2041,2.9499999999999993,0.01094524472407976,0.5017860244806114
2023-05-16,7.5,79.1004,2.9499999999999993,0.01105214353299137,0.4521500046134088
2023-05-17,7.5,79.9798,2.9499999999999993,0.010507222334618512,0.4525644736862894
2023-05-18,7.5,80.7642,2.9499999999999993,0.010389716832149924,0.4551718282801572
2023-05-19,7.5,80.0366,2.9499999999999993,0.010374048942718766,0.44336352587167205
2023-05-22,7.5,79.9093,2.9499999999999993,0.010030237956473998,0.4340993478289103
2023-05-23,7.5,79.9379,2.9499999999999993,0.010054983553751343,0.42350492262448713
2023-05-24,7.5,80.1665,2.9499999999999993,0.010105004877023822,0.41718815382280466
2023-05-25,7.5,79.9669,2.9499999999999993,0.010083500201760196,0.4074065474942347
2023-05-26,7.5,79.9841,2.9499999999999993,0.01037998890216016,0.4115655362949188
2023-05-29,7.5,79.9667,2.9499999999999993,0.01093471488813761,0.4087486970405942
2023-05-30,7.5,80.0555,2.9499999999999993,0.01129727881285549,0.39664279301906946
2023-05-31,7.5,80.6872,2.710000000000001,0.010103168560225185,0.3884559030914805
2023-06-01,7.5,80.9942,2.710000000000001,0.008789123516601799,0.3898307139888814
2023-06-02,7.5,80.9657,2.710000000000001,0.008710648565307701,0.3754481564030144
2023-06-05,7.5,80.8756,2.710000000000001,0.009173857223896917,0.3792846226580335
2023-06-06,7.5,81.3294,2.710000000000001,0.00919915082004588,0.37911608656373535
2023-06-07,7.5,81.2502,2.710000000000001,0.00912771191853617,0.3804825196279697
2023-06-08,7.5,81.4581,2.710000000000001,0.008413430936573683,0.3795382846893646
2023-06-09,7.5,82.093,2.710000000000001,0.007807291493621315,0.3734026843089201
2023-06-13,7.5,82.6417,2.710000000000001,0.007837055647617287,0.381435024892941
2023-06-14,7.5,83.6405,2.710000000000001,0.007713020355619333,0.38023755311060814
2023-06-15,7.5,84.3249,2.710000000000001,0.0080188314730333,0.3416862603303345
2023-06-16,7.5,83.9611,2.710000000000001,0.008001148722429793,0.33065978925861
2023-06-19,7.5,83.6498,2.710000000000001,0.007897159308128582,0.31874750070745933
2023-06-20,7.5,83.9866,2.710000000000001,0.00807541928159631,0.3188867654191523
2023-06-21,7.5,84.2336,2.710000000000001,0.00809318855636451,0.3180430435235843
2023-06-22,7.5,84.2467,2.710000000000001,0.008143071099739711,0.31970337406173943
2023-06-23,7.5,83.6077,2.710000000000001,0.008403945515006294,0.34105846934183265
2023-06-26,7.5,84.0793,2.710000000000001,0.008842302709617396,0.3415864863936757
2023-06-27,7.5,84.6642,2.710000000000001,0.007995231892015592,0.34509529705425207
2023-06-28,7.5,85.0504,2.710000000000001,0.007385417954452465,0.34034833587256863
2023-06-29,7.5,85.6192,2.710000000000001,0.007336420920810467,0.3451484976110995
2023-06-30,7.5,87.0341,2.5299999999999994,0.007340603254474294,0.34727334769620444
2023-07-03,7.5,88.3844,2.5299999999999994,0.0073475794474452925,0.3450991732606769
2023-07-04,7.5,89.3255,2.5299999999999994,0.0069393101206424055,0.34645415829871995
2023-07-05,7.5,89.545,2.5299999999999994,0.006795587235228355,0.34914510708781193
2023-07-06,7.5,90.338,2.5299999999999994,0.0067997934367946735,0.3430620078999669
2023-07-07,7.5,92.5695,2.5299999999999994,0.006778295426713923,0.33522770821997333
2023-07-10,7.5,91.6879,2.5299999999999994,0.0068847119639268714,0.332456135535612
2023-07-11,7.5,91.4931,2.5299999999999994,0.005842698625954209,0.33206879326469435
2023-07-12,7.5,90.5045,2.5299999999999994,0.006331514382703126,0.3348466251640328
2023-07-13,7.5,90.6253,2.5299999999999994,0.00598424815060647,0.3281917836008067
2023-07-14,7.5,90.1757,2.5299999999999994,0.006054439499915703,0.32987865682838546
2023-07-17,7.5,90.119,2.5299999999999994,0.006055333776092137,0.3272286931818933
2023-07-18,7.5,90.4217,2.5299999999999994,0.006349805765113546,0.3307206633514209
2023-07-19,7.5,90.6906,2.5299999999999994,0.006464848383902274,0.3331408862889019
2023-07-20,7.5,91.2046,2.5299999999999994,0.006884173756936499,0.3473214501080914
2023-07-21,7.5,90.8545,2.5299999999999994,0.006536955240695902,0.3480327270951998
2023-07-24,8.5,90.3846,2.5299999999999994,0.00538225536186035,0.34911067375907023
2023-07-25,8.5,90.489,2.5299999999999994,0.005748838868664178,0.35399662697463413
2023-07-26,8.5,90.0945,2.5299999999999994,0.005849362638474221,0.3513258964939928
2023-07-27,8.5,90.0468,2.5299999999999994,0.005855772585240869,0.33790162692004083
2023-07-28,8.5,90.0225,2.5299999999999994,0.0058645515051254996,0.2987092902359635
2023-07-31,8.5,90.9783,1.7699999999999996,0.006974163208659593,0.3104213939380372
2023-08-01,8.5,91.5923,1.7699999999999996,0.006984954030856572,0.29914279911070474
2023-08-02,8.5,91.7755,1.7699999999999996,0.0068436701927603785,0.2963330144088185
2023-08-03,8.5,92.841,1.7699999999999996,0.0070834097985106375,0.2780404929591235
2023-08-04,8.5,93.7792,1.7699999999999996,0.008774585073000728,0.30029902152866006
2023-08-07,8.5,94.8076,1.7699999999999996,0.008856998559767786,0.3015871985983056
2023-08-08,8.5,96.5668,1.7699999999999996,0.008872291429974826,0.2839651274491111
2023-08-09,8.5,96.0755,1.7699999999999996,0.00862418771533311,0.2837803406025263
2023-08-10,8.5,97.3999,1.7699999999999996,0.008875184649730037,0.2886203944183593
2023-08-11,8.5,97.2794,1.7699999999999996,0.00888194602291165,0.2821135696115978
2023-08-14,8.5,98.2066,1.7699999999999996,0.009272127478224609,0.30128719575675533
2023-08-15,12.0,101.0399,1.7699999999999996,0.009204044790272347,0.301918105694613
2023-08-16,12.0,97.4217,1.7699999999999996,0.010562873216613767,0.3341931302132575
2023-08-17,12.0,96.7045,1.7699999999999996,0.010263046600816724,0.34389316051660745
2023-08-18,12.0,93.746,1.7699999999999996,0.01077113764628933,0.35328654292824224
2023-08-21,12.0,93.4047,1.7699999999999996,0.010851826839624325,0.3489968499721275
2023-08-22,12.0,94.1424,1.7699999999999996,0.010673988582313314,0.3478513876986203
2023-08-23,12.0,94.1185,1.7699999999999996,0.010807112531178279,0.3740176674475208
2023-08-24,12.0,94.4421,1.7699999999999996,0.010857131208613738,0.384339506300249
2023-08-25,12.0,94.4007,1.7699999999999996,0.010845278719208505,0.3876175517827701
2023-08-28,12.0,94.7117,1.7699999999999996,0.010207528687473407,0.4019093993624204
2023-08-29,12.0,95.4717,1.7699999999999996,0.010163590464442344,0.390529816886394
2023-08-30,12.0,95.707,1.7699999999999996,0.010154837318407833,0.3899833217027696
2023-08-31,12.0,95.9283,0.7599999999999998,0.009816318315202128,0.3922082631375789
2023-09-01,12.0,96.3344,0.7599999999999998,0.008755986326622216,0.3944486357844137
2023-09-04,12.0,96.3411,0.7599999999999998,0.008916195211675877,0.39723003791333455
2023-09-05,12.0,96.6199,0.7599999999999998,0.008952037226744572,0.38863895602426635
2023-09-06,12.0,97.5383,0.7599999999999998,0.009146135219334404,0.39019274766303996
2023-09-07,12.0,97.8439,0.7599999999999998,0.010252591180454433,0.42459001811625646
2023-09-08,12.0,98.1961,0.7599999999999998,0.010420960967492485,0.44207405476977946
2023-09-11,12.0,97.9241,0.7599999999999998,0.010376793893701969,0.45936846861037023
2023-09-12,12.0,96.5083,0.7599999999999998,0.010761514766184428,0.47980987644728534
2023-09-13,12.0,94.7035,0.7599999999999998,0.009587166190994792,0.4904501498384017
2023-09-14,12.0,95.9794,0.7599999999999998,0.009630326344170152,0.4850308216032221
2023-09-15,12.0,96.1609,0.7599999999999998,0.008928173574448448,0.466723228267109
2023-09-18,13.0,96.6338,0.7599999999999998,0.008794060742411427,0.4699634071010378
2023-09-19,13.0,96.6472,0.7599999999999998,0.00930896043457273,0.5022376958802176
2023-09-20,13.0,96.2236,0.7599999999999998,0.009294495183911013,0.5076715343313383
2023-09-21,13.0,96.6172,0.7599999999999998,0.009860275265187322,0.5170970621199108
2023-09-22,13.0,96.0762,0.7599999999999998,0.010044938932623577,0.5172646926129808
2023-09-25,13.0,96.0419,0.7599999999999998,0.009425457151613168,0.5246905919839421
2023-09-26,13.0,96.1456,0.7599999999999998,0.009369661460335816,0.524842488595863
2023-09-27,13.0,96.2378,0.7599999999999998,0.009505880026410988,0.5231034403858942
2023-09-28,13.0,96.5,0.7599999999999998,0.010007179007476918,0.5217024551063665
2023-09-29,13.0,97.0018,-0.46000000000000085,0.010236362452110523,0.5174378949575276
2023-10-02,13.0,97.4147,-0.46000000000000085,0.009767608800566154,0.5178997379004789
2023-10-03,13.0,98.4785,-0.46000000000000085,0.009852293153576849,0.5161470769795525
2023-10-04,13.0,99.2677,-0.46000000000000085,0.00981304963131785,0.5178234575128869
2023-10-05,13.0,99.4555,-0.46000000000000085,0.008358377183338069,0.5159020682608306
2023-10-06,13.0,99.6762,-0.46000000000000085,0.008216890128295592,0.5128956828562793
2023-10-09,13.0,100.4911,-0.46000000000000085,0.008308368424611225,0.5121340882009389
2023-10-10,13.0,101.3598,-0.46000000000000085,0.007717552125752827,0.5084782740072538
2023-10-11,13.0,99.9349,-0.46000000000000085,0.007675140341679406,0.5137227496555785
2023-10-12,13.0,99.9808,-0.46000000000000085,0.007789648063659109,0.509730868888225
2023-10-13,13.0,96.9948,-0.46000000000000085,0.007829990710566824,0.506003755791095
2023-10-16,13.0,97.3075,-0.46000000000000085,0.008172593055592158,0.5131675035565783
2023-10-17,13.0,97.2865,-0.46000000000000085,0.006998930061977283,0.5119014299730043
2023-10-18,13.0,97.3458,-0.46000000000000085,0.006781215483789538,0.5086823033642205
2023-10-19,13.0,97.3724,-0.46000000000000085,0.005150722607555212,0.5069486189332083
2023-10-20,13.0,97.3074,-0.46000000000000085,0.004950086501063816,0.5049363460278413
2023-10-23,13.0,95.9053,-0.46000000000000085,0.004976485965033423,0.5035792174226716
2023-10-24,13.0,94.7081,-0.46000000000000085,0.005015955170387275,0.5066766531784914
2023-10-25,13.0,93.5224,-0.46000000000000085,0.0050504810771029585,0.5093168757656755
2023-10-26,13.0,93.1507,-0.46000000000000085,0.005620920979590025,0.517329070530826
2023-10-27,13.0,93.5616,-0.46000000000000085,0.0054338172534347095,0.5035378579083545
2023-10-30,15.0,93.2174,-0.46000000000000085,0.005420216902033099,0.505770281611472
2023-10-31,15.0,93.2435,-0.27999999999999936,0.00579710374742011,0.5071154643529826
2023-11-01,15.0,92.0226,-0.27999999999999936,0.00572255587685995,0.5082555255571871
2023-11-02,15.0,93.2801,-0.27999999999999936,0.005779424882684931,0.5050020519651158
2023-11-03,15.0,93.173,-0.27999999999999936,0.005763237488957183,0.5057803626282797
2023-11-06,15.0,93.0351,-0.27999999999999936,0.005691187445065334,0.5012647520109524
2023-11-07,15.0,93.0351,-0.27999999999999936,0.005718599381813783,0.5014426554807793
2023-11-08,15.0,92.4151,-0.27999999999999936,0.005634866384238093,0.483462733689363
2023-11-09,15.0,92.1973,-0.27999999999999936,0.005433534778919302,0.4828303121649684
2023-11-10,15.0,91.9266,-0.27999999999999936,0.005327783888674504,0.4725357031313963
2023-11-13,15.0,92.0535,-0.27999999999999936,0.004457969238198365,0.47522208019023054
2023-11-14,15.0,92.1185,-0.27999999999999936,0.005028336644911808,0.48203142925951903
2023-11-15,15.0,91.257,-0.27999999999999936,0.005031138630081826,0.458526198017245
2023-11-16,15.0,89.4565,-0.27999999999999936,0.005271423050775807,0.45777018612446063
2023-11-17,15.0,88.9466,-0.27999999999999936,0.005334077223759347,0.45727520537911376
2023-11-20,15.0,89.1237,-0.27999999999999936,0.00533830220450683,0.45029717605989866
2023-11-21,15.0,88.4954,-0.27999999999999936,0.0054196446580256465,0.45480655882937304
2023-11-22,15.0,87.8701,-0.27999999999999936,0.005510225301523584,0.4557371324365252
2023-11-23,15.0,88.1648,-0.27999999999999936,0.004759467065235536,0.45514753111538725
2023-11-24,15.0,88.1206,-0.27999999999999936,0.004764437676783096,0.454487528176885
2023-11-27,15.0,88.8133,-0.27999999999999936,0.005096612514301976,0.45040497229247617
2023-11-28,15.0,88.7045,-0.27999999999999936,0.004794934474990739,0.4469002069739237
2023-11-29,15.0,88.6102,-0.27999999999999936,0.005025528340375741,0.4497887839772148
2023-11-30,15.0,88.8841,0.17999999999999972,0.005014937240012657,0.4280354316095842
2023-12-01,15.0,88.5819,0.17999999999999972,0.005148198584494281,0.418719059512827
2023-12-04,15.0,89.7619,0.17999999999999972,0.004942816751213948,0.41326921413722106
2023-12-05,15.0,90.6728,0.17999999999999972,0.005026203462152444,0.390463394499735
2023-12-06,15.0,91.5823,0.17999999999999972,0.00591270136497799,0.40825338186245674
2023-12-07,15.0,92.7826,0.17999999999999972,0.005911203990213487,0.4011012688053761
2023-12-08,15.0,92.5654,0.17999999999999972,0.005960466665096983,0.3899860454625216
2023-12-11,15.0,91.6402,0.17999999999999972,0.006724829742874283,0.39981637089532013
2023-12-12,15.0,90.9846,0.17999999999999972,0.0064910838079958785,0.36082922239934534
2023-12-13,15.0,90.2158,0.17999999999999972,0.0066325188597421356,0.3675890533053577
2023-12-14,15.0,89.8926,0.17999999999999972,0.00661717028932108,0.3653727016809163
2023-12-15,15.0,89.6741,0.17999999999999972,0.0068377857595708,0.3810108649308334
2023-12-18,16.0,89.6966,0.17999999999999972,0.007775500816449336,0.38650724832344263
2023-12-19,16.0,90.4162,0.17999999999999972,0.007739158125204524,0.38526593252262453
2023-12-20,16.0,90.087,0.17999999999999972,0.007889059644984944,0.37709269154923125
2023-12-21,16.0,90.4056,0.17999999999999972,0.008091285109802684,0.3813217511812401
2023-12-22,16.0,91.7062,0.17999999999999972,0.008309186534834515,0.38677527797446826
2023-12-25,16.0,91.9389,0.17999999999999972,0.00821528819546644,0.3860708556661837
2023-12-26,16.0,91.969,0.17999999999999972,0.008183074741859593,0.38031698379433865
2023-12-27,16.0,91.7069,0.17999999999999972,0.008092393579514301,0.37211695578761705
2023-12-28,16.0,91.7051,0.17999999999999972,0.008107347147584335,0.37277320416213633
2023-12-29,16.0,90.3041,-0.6500000000000004,0.007964763400813767,0.3746361139613403
2024-01-03,16.0,89.6883,-0.6500000000000004,0.008060804632699198,0.39307826932592743
2024-01-04,16.0,89.6883,-0.6500000000000004,0.008001055957327472,0.3956992675825569
2024-01-05,16.0,89.6883,-0.6500000000000004,0.007054360908470172,0.3815797605457503
2024-01-08,16.0,89.6883,-0.6500000000000004,0.007149202979734708,0.37633241236260073
2024-01-09,16.0,89.6883,-0.6500000000000004,0.007166077674568181,0.3682110612499298
2024-01-10,16.0,90.404,-0.6500000000000004,0.005655019936287926,0.3578078690207113
2024-01-11,16.0,89.3939,-0.6500000000000004,0.005596167629025269,0.3408912521075918
2024-01-12,16.0,88.7818,-0.6500000000000004,0.005593090558712126,0.34655182345606605
2024-01-15,16.0,88.1324,-0.6500000000000004,0.005100756422689398,0.3483704395943392
2024-01-16,16.0,87.6772,-0.6500000000000004,0.005027612402553552,0.35396713784898626
2024-01-17,16.0,87.6457,-0.6500000000000004,0.004220470406180623,0.35550582344237863
2024-01-18,16.0,88.354,-0.6500000000000004,0.0042989230526765026,0.3544790934729335
2024-01-19,16.0,88.661,-0.6500000000000004,0.0042747169494015335,0.3551708091606752
2024-01-22,16.0,88.5896,-0.6500000000000004,0.0034005877098942203,0.3434496591115041
2024-01-23,16.0,87.9724,-0.6500000000000004,0.003223979753018691,0.3425140629542125
2024-01-24,16.0,87.9199,-0.6500000000000004,0.0034453142489596915,0.3417203131396433
2024-01-25,16.0,88.2829,-0.6500000000000004,0.003448648502606068,0.33561750822518105
2024-01-26,16.0,88.6562,-0.6500000000000004,0.0034522066798646912,0.332908440613744
2024-01-29,16.0,89.5159,-0.6500000000000004,0.00352439625892112,0.3373761351271882
2024-01-30,16.0,89.609,-0.6500000000000004,0.0036516097887285747,0.3410434464898724
2024-01-31,16.0,89.2887,-1.2299999999999986,0.0032217448403708475,0.3350116858955683
2024-02-01,16.0,89.6678,-1.2299999999999986,0.003317498967360212,0.33236557403398426
2024-02-02,16.0,90.2299,-1.2299999999999986,0.0033541732269631126,0.3322268172463334
2024-02-05,16.0,90.6626,-1.2299999999999986,0.00308606076603447,0.3269149791949066
2024-02-06,16.0,91.2434,-1.2299999999999986,0.003096308630713113,0.32969818087927294
2024-02-07,16.0,90.6842,-1.2299999999999986,0.0032267887986547283,0.3277834023098275
2024-02-08,16.0,91.1514,-1.2299999999999986,0.0033587938734838257,0.33004389968759124
2024-02-09,16.0,91.2561,-1.2299999999999986,0.003362319868918784,0.3311917015013351
2024-02-12,16.0,90.8901,-1.2299999999999986,0.0033606165574506996,0.31853635137058456
2024-02-13,16.0,91.0758,-1.2299999999999986,0.0033041485731572463,0.31598184985809563
2024-02-14,16.0,91.2057,-1.2299999999999986,0.003300690461873058,0.3155436974654303
2024-02-15,16.0,91.4316,-1.2299999999999986,0.003224561230922565,0.3155119782730171
2024-02-16,16.0,91.8237,-1.2299999999999986,0.0035574571961203864,0.3201869582868346
2024-02-19,16.0,92.5492,-1.2299999999999986,0.003556253514330587,0.31871012485607986
2024-02-20,16.0,92.4102,-1.2299999999999986,0.004531598794757471,0.3420555275026002
2024-02-21,16.0,92.349,-1.2299999999999986,0.006588171619223994,0.34019801051749715
2024-02-22,16.0,92.4387,-1.2299999999999986,0.006588002116608715,0.3449814148676974
2024-02-26,16.0,92.7519,-1.2299999999999986,0.008328636893907402,0.36664298197242756
2024-02-27,16.0,92.6321,-1.2299999999999986,0.008300973563260611,0.36270760393224205
2024-02-28,16.0,92.0425,-1.2299999999999986,0.00828394995744744,0.359683448027903
2024-02-29,16.0,91.8692,-0.9699999999999989,0.008436902185628967,0.3590817399370566
2024-03-01,16.0,90.8423,-0.9699999999999989,0.008398469022428127,0.35206830490116986
2024-03-04,16.0,91.3336,-0.9699999999999989,0.008602702397686608,0.3220744539697773
2024-03-05,16.0,91.3534,-0.9699999999999989,0.008599640987869429,0.32581080668931045
2024-03-06,16.0,91.1604,-0.9699999999999989,0.00859107280914749,0.3279241501514609
2024-03-07,16.0,90.3412,-0.9699999999999989,0.008527423238334362,0.309410549713305
2024-03-11,16.0,90.7493,-0.9699999999999989,0.008429769546324423,0.3116532961191099
2024-03-12,16.0,90.6252,-0.9699999999999989,0.008443399661908263,0.3080934972571136
2024-03-13,16.0,90.8818,-0.9699999999999989,0.008515138849504701,0.28869599639795485
2024-03-14,16.0,91.5449,-0.9699999999999989,0.008709770754120567,0.2621055256892625
2024-03-15,16.0,91.6359,-0.9699999999999989,0.00870945867141475,0.2518608210884254
2024-03-18,16.0,91.87,-0.9699999999999989,0.008709694473679969,0.2552953619352816
2024-03-19,16.0,91.9829,-0.9699999999999989,0.00883635243942667,0.26791517901921924
2024-03-20,16.0,92.2243,-0.9699999999999989,0.008836369565580333,0.25996225884767343
2024-03-21,16.0,92.6861,-0.9699999999999989,0.008461781850607954,0.26040791937680696
2024-03-22,16.0,91.9499,-0.9699999999999989,0.006764368649819043,0.28606596600852513
2024-03-25,16.0,92.6118,-0.9699999999999989,0.006758608118109049,0.3067126343229826
2024-03-26,16.0,92.7761,-0.9699999999999989,0.00476576780593936,0.30997724347716277
2024-03-27,16.0,92.5745,-0.9699999999999989,0.004832339337940506,0.306990810697807
2024-03-28,16.0,92.5919,-0.9699999999999989,0.0047422680723245665,0.3020173634484375
2024-03-29,16.0,92.2628,-0.39000000000000057,0.004507068641549231,0.275620606663496
2024-04-01,16.0,92.366,-0.39000000000000057,0.004843233240494388,0.2808766965428488
2024-04-02,16.0,92.2914,-0.39000000000000057,0.004497033267988323,0.27319513887425884
2024-04-03,16.0,92.5254,-0.39000000000000057,0.004698368936695643,0.26321476261838345
2024-04-04,16.0,92.3892,-0.39000000000000057,0.004710243648666249,0.2658667971760912
2024-04-05,16.0,92.3058,-0.39000000000000057,0.004842688190713412,0.26666631187494977
2024-04-08,16.0,92.4155,-0.39000000000000057,0.004985024565109803,0.2852169780726892
2024-04-09,16.0,92.581,-0.39000000000000057,0.004982297836560823,0.26666722830408823
2024-04-10,16.0,92.7463,-0.39000000000000057,0.005023005857266129,0.2656335849962183
2024-04-11,16.0,93.2198,-0.39000000000000057,0.004590034049984372,0.26009749868211846
2024-04-12,16.0,93.7196,-0.39000000000000057,0.004620023529809189,0.26059881100041626
2024-04-15,16.0,93.4419,-0.39000000000000057,0.004571735094349425,0.2550321131076677
2024-04-16,16.0,93.5891,-0.39000000000000057,0.0038099021330940124,0.2592407017007385
2024-04-17,16.0,94.0742,-0.39000000000000057,0.003976254055833118,0.2604967529895973
2024-04-18,16.0,94.3242,-0.39000000000000057,0.003932802050636099,0.2581624586521461
2024-04-19,16.0,94.0922,-0.39000000000000057,0.003634853367240309,0.2544088919868329
2024-04-22,16.0,93.4409,-0.39000000000000057,0.0036355615823988217,0.25116200510856757
2024-04-23,16.0,93.2519,-0.39000000000000057,0.004846586181165004,0.26231441998246474
2024-04-24,16.0,93.2918,-0.39000000000000057,0.004920341589101266,0.26285225354813935
2024-04-25,16.0,92.5058,-0.39000000000000057,0.00492608959629464,0.26468194972433357
2024-04-26,16.0,92.1314,-0.39000000000000057,0.0048398361172976795,0.26512864858247764
2024-04-27,16.0,92.0134,-0.39000000000000057,0.0045679390432362,0.26515544548071895
2024-04-29,16.0,91.7791,-0.39000000000000057,0.0045866110419486685,0.2659867193167271
2024-04-30,16.0,91.7791,-0.6099999999999994,0.004465520113475799,0.27000700854126997
2024-05-02,16.0,91.7791,-0.6099999999999994,0.004841006026142731,0.2686864071322244
2024-05-03,16.0,92.0538,-0.6099999999999994,0.004749348742819474,0.27384131546639606
2024-05-06,16.0,91.6918,-0.6099999999999994,0.004572385962100797,0.2613075870001176
2024-05-07,16.0,91.3124,-0.6099999999999994,0.004606517588682693,0.25409370760216093
2024-05-08,16.0,91.1231,-0.6099999999999994,0.004310129985006809,0.2549903526655973
2024-05-10,16.0,91.8239,-0.6099999999999994,0.004459334183968119,0.25861428368989714
2024-05-13,16.0,91.8239,-0.6099999999999994,0.004348209129671906,0.25616230753878566
2024-05-14,16.0,91.633,-0.6099999999999994,0.004240106454411686,0.2539168927610896
2024-05-15,16.0,91.3591,-0.6099999999999994,0.00421956483759121,0.2446222108010678
2024-05-16,16.0,91.2573,-0.6099999999999994,0.004277235993122575,0.24486755784969144
2024-05-17,16.0,90.9239,-0.6099999999999994,0.004370317707512386,0.20430206275176382
2024-05-20,16.0,90.9873,-0.6099999999999994,0.004845308882042752,0.20877533612676366
2024-05-21,16.0,90.6537,-0.6099999999999994,0.005434225259367684,0.20874864633720877
2024-05-22,16.0,90.4082,-0.6099999999999994,0.004937970643524905,0.16991176410665945
2024-05-23,16.0,90.1887,-0.6099999999999994,0.004885632223472563,0.171511672891233
2024-05-24,16.0,90.2486,-0.6099999999999994,0.0057014133912006125,0.1845530587921257
2024-05-27,16.0,89.7026,-0.6099999999999994,0.00840035610462598,0.21408231056034885
2024-05-28,16.0,88.6852,-0.6099999999999994,0.008284736121574716,0.21231303620682815
2024-05-29,16.0,88.4375,-0.6099999999999994,0.00832727217040008,0.20880783644663103
2024-05-30,16.0,89.2589,-0.6099999999999994,0.008540821752457264,0.24351378761818332
2024-05-31,16.0,89.7869,-0.8499999999999996,0.009303021161083167,0.2750779604083126
2024-06-03,16.0,90.1915,-0.8499999999999996,0.010302245055547008,0.26683060740011527
2024-06-04,16.0,89.3755,-0.8499999999999996,0.011135853940718907,0.2795221578423592
2024-06-05,16.0,88.7574,-0.8499999999999996,0.011435512064748535,0.28338487351904074
2024-06-06,16.0,88.7436,-0.8499999999999996,0.01140055308355779,0.28356709520077245
2024-06-07,16.0,88.7604,-0.8499999999999996,0.01183257472761063,0.2842374228313453
2024-06-10,16.0,88.7606,-0.8499999999999996,0.012105748227742451,0.29891266869657857
2024-06-11,16.0,88.9944,-0.8499999999999996,0.012025077138753856,0.2904803909412232
2024-06-13,16.0,89.0214,-0.8499999999999996,0.011982644970422673,0.28261924141882805
2024-06-14,16.0,88.208,-0.8499999999999996,0.012527294517811368,0.2826541703560629
2024-06-17,16.0,89.0658,-0.8499999999999996,0.012432715978039096,0.2879211938211878
2024-06-18,16.0,89.0499,-0.8499999999999996,0.012976141222320978,0.29714900689777585
2024-06-19,16.0,87.0354,-0.8499999999999996,0.013871936204637106,0.2967772096747349
2024-06-20,16.0,82.6282,-0.8499999999999996,0.016110181264743176,0.32378040389561363
2024-06-21,16.0,85.4176,-0.8499999999999996,0.0160861906384571,0.32684603563552
2024-06-24,16.0,87.9595,-0.8499999999999996,0.015960295701675193,0.3272509466871922
2024-06-25,16.0,87.373,-0.8499999999999996,0.01500557345280139,0.33145878914565424
2024-06-26,16.0,87.277,-0.8499999999999996,0.015397401753605783,0.32314690173223426
2024-06-27,16.0,87.8064,-0.8499999999999996,0.015321383282753025,0.32839633289708114
2024-06-28,16.0,84.964,-1.5,0.015213681025177643,0.3284248899668534
2024-07-01,16.0,85.748,-1.5,0.014823134197391705,0.33450808100656876
2024-07-02,16.0,87.2972,-1.5,0.013926834025786105,0.3329261454083334
2024-07-03,16.0,87.9921,-1.5,0.013621955467364234,0.33441692375801957
2024-07-04,16.0,87.9506,-1.5,0.01433898249632284,0.3498745448575822
2024-07-05,16.0,88.1205,-1.5,0.014348694425399232,0.3474212770387735
2024-07-08,16.0,88.1348,-1.5,0.014027952502775779,0.3479965975172381
2024-07-09,16.0,88.1688,-1.5,0.014645213828162898,0.35979500659778685
2024-07-10,16.0,88.0031,-1.5,0.015577843327018332,0.3977640736219242
2024-07-11,16.0,87.8551,-1.5,0.015681946204811323,0.3958934928143174
2024-07-12,16.0,87.988,-1.5,0.015191091147103729,0.3996503454445006
2024-07-15,16.0,87.7427,-1.5,0.015569979658168566,0.4111070876570756
2024-07-16,16.0,87.8077,-1.5,0.015343403365868313,0.4176128342015505
2024-07-17,16.0,88.2824,-1.5,0.014163181982848928,0.4166309209276995
2024-07-18,16.0,88.0872,-1.5,0.012276195032032634,0.42586113205064163
2024-07-19,16.0,87.8754,-1.5,0.012541617574773135,0.4260728334880066
2024-07-22,16.0,88.0206,-1.5,0.01260771264167847,0.4279236646163181
2024-07-23,16.0,87.7805,-1.5,0.012555792839155984,0.4267492319104858
2024-07-24,16.0,87.299,-1.5,0.012300128666970736,0.42782569101564055
2024-07-25,16.0,86.5502,-1.5,0.012304059429860174,0.42790304847234767
2024-07-26,16.0,85.41,-1.5,0.012676075175623016,0.4260006725802871
2024-07-29,18.0,85.565,-1.5,0.01358893273674215,0.44194651049216666
2024-07-30,18.0,86.5554,-1.5,0.013786462526736917,0.4451904913727118
2024-07-31,18.0,86.33,-1.4100000000000001,0.013810007021377932,0.44766197821476034
2024-08-01,18.0,86.1091,-1.4100000000000001,0.013183937955661734,0.45274611615553545
2024-08-02,18.0,85.7833,-1.4100000000000001,0.013195523540747468,0.4540108297016354
2024-08-05,18.0,85.7024,-1.4100000000000001,0.013948425339771158,0.46170809794890116
2024-08-06,18.0,84.9471,-1.4100000000000001,0.01316561772522536,0.4628819268263493
2024-08-07,18.0,85.1646,-1.4100000000000001,0.012773550844483913,0.46375093130640127
2024-08-08,18.0,85.9543,-1.4100000000000001,0.012727225065078503,0.47585675642006164
2024-08-09,18.0,86.5621,-1.4100000000000001,0.012692412879870427,0.47869796273835097
2024-08-12,18.0,87.992,-1.4100000000000001,0.011962556750113547,0.49816257380794804
2024-08-13,18.0,89.9475,-1.4100000000000001,0.012151930533019547,0.5052271861039088
2024-08-14,18.0,92.6592,-1.4100000000000001,0.012171737758249009,0.5113743536311018
2024-08-15,18.0,90.0055,-1.4100000000000001,0.012000485325533916,0.5145891043454286
2024-08-16,18.0,88.796,-1.4100000000000001,0.011683846583525012,0.5199166870211664
2024-08-19,18.0,88.9062,-1.4100000000000001,0.012000375189220473,0.5198431659851375
2024-08-20,18.0,89.5428,-1.4100000000000001,0.011941331233110643,0.5148558524000341
2024-08-21,18.0,90.6944,-1.4100000000000001,0.011640860651300123,0.5127825168859624
2024-08-22,18.0,91.6862,-1.4100000000000001,0.011868062355632267,0.5121067245468728
2024-08-23,18.0,91.2881,-1.4100000000000001,0.012316321441860364,0.4959793660963879
2024-08-26,18.0,91.6012,-1.4100000000000001,0.014592247168130125,0.5159544730378198
2024-08-27,18.0,91.7745,-1.4100000000000001,0.014270271197606004,0.5251290123240738
2024-08-28,18.0,91.4807,-1.4100000000000001,0.014346420433400734,0.520115823312936
2024-08-29,18.0,91.4449,-1.4100000000000001,0.014434234049923937,0.5168318375031242
2024-08-30,18.0,91.4548,-2.33,0.014843786703014167,0.5350056901727995
2024-09-02,18.0,91.1868,-2.33,0.016268457575871784,0.5511647556620367
2024-09-03,18.0,90.0013,-2.33,0.01622090623373589,0.5469706051947139
2024-09-04,18.0,88.6118,-2.33,0.017694660445739658,0.572152346112454
2024-09-05,18.0,88.9288,-2.33,0.017848330147495227,0.576129307200192
2024-09-06,18.0,89.7044,-2.33,0.017871112772649415,0.5813882255917014
2024-09-09,18.0,89.8225,-2.33,0.01945590413318074,0.5975188302886881
2024-09-10,18.0,90.3853,-2.33,0.01916557879705122,0.6066381311708753
2024-09-11,18.0,91.1127,-2.33,0.019171289318826504,0.6119018209795387
2024-09-12,18.0,91.2653,-2.33,0.019445201818496953,0.6035435123960611
2024-09-13,18.0,91.1096,-2.33,0.020455578313030368,0.6063714516331262
2024-09-16,19.0,90.9345,-2.33,0.020926595062655023,0.6177589649299254
2024-09-17,19.0,91.1423,-2.33,0.02106716105042384,0.613352509851544
2024-09-18,19.0,91.4292,-2.33,0.021150023762456942,0.6199537421657387
2024-09-19,19.0,91.6712,-2.33,0.020848390358501966,0.6191334373017393
2024-09-20,19.0,92.6962,-2.33,0.02011803601401274,0.6214584330390815
2024-09-23,19.0,92.5848,-2.33,0.018513607478650315,0.6211594464012468
2024-09-24,19.0,92.92,-2.33,0.01862330442994686,0.6163193082072673
2024-09-25,19.0,92.8622,-2.33,0.018772941096472817,0.6148259069146739
2024-09-26,19.0,92.388,-2.33,0.018781905051922104,0.6120222569576825
2024-09-27,19.0,92.4074,-2.33,0.01799068992075157,0.6135541243601546
2024-09-30,19.0,92.7126,-3.200000000000001,0.014840935693225586,0.6167774486047086
2024-10-01,19.0,93.2221,-3.200000000000001,0.015269361037288876,0.6028064913112269
2024-10-02,19.0,93.3581,-3.200000000000001,0.01471406994621584,0.5884505605650595
2024-10-03,19.0,94.5054,-3.200000000000001,0.014707022907408744,0.5957732502909368
2024-10-04,19.0,95.0262,-3.200000000000001,0.014734846942946018,0.5959239759604775
2024-10-07,19.0,94.87,-3.200000000000001,0.013361946743339731,0.5875499164292637
2024-10-08,19.0,96.0649,-3.200000000000001,0.01301616423421686,0.5774609368130439
2024-10-09,19.0,96.1079,-3.200000000000001,0.013510056889010273,0.575452841342
2024-10-10,19.0,96.9483,-3.200000000000001,0.012538097515103692,0.5679337425424602
2024-10-11,19.0,97.2394,-3.200000000000001,0.011492699155759723,0.5669137047987148
2024-10-14,19.0,96.0686,-3.200000000000001,0.010258284998288132,0.5684788612387061
2024-10-15,19.0,96.1021,-3.200000000000001,0.010303113395275412,0.5707224378593978
2024-10-16,19.0,97.0121,-3.200000000000001,0.010299418266363632,0.5723144814465528
2024-10-17,19.0,97.2568,-3.200000000000001,0.01043112572468843,0.574199020985229
2024-10-18,19.0,97.149,-3.200000000000001,0.010280937583443018,0.5764870540775384
2024-10-21,19.0,96.4172,-3.200000000000001,0.009864034548546953,0.5590245975767717
2024-10-22,19.0,96.0924,-3.200000000000001,0.008768023729178823,0.5588391232508743
2024-10-23,19.0,96.5918,-3.200000000000001,0.008364132284869808,0.560831562963316
2024-10-24,19.0,96.6379,-3.200000000000001,0.008411204697849162,0.5590156031963289
2024-10-25,19.0,96.7402,-3.200000000000001,0.008949517721846299,0.5662557452551092
2024-10-28,21.0,96.6657,-3.200000000000001,0.010940946985956324,0.5730272863005005
2024-10-29,21.0,97.23,-3.200000000000001,0.011141764599125087,0.5746187037639475
2024-10-30,21.0,97.3261,-3.200000000000001,0.010915303438836777,0.5710141370755052
2024-10-31,21.0,97.053,-4.5,0.011457327552480554,0.5687753787733792
2024-11-01,21.0,97.0226,-4.5,0.011339644127076314,0.5709883846058821
2024-11-02,21.0,97.4402,-4.5,0.011645538189915008,0.5745208559824019
2024-11-05,21.0,97.5499,-4.5,0.01195684045599405,0.5728254391058827
2024-11-06,21.0,98.0562,-4.5,0.012516053583278952,0.5715890316513413
2024-11-07,21.0,98.2236,-4.5,0.012730922088672018,0.5794714677325663
2024-11-08,21.0,98.0726,-4.5,0.013313788313054882,0.5810980949952279
2024-11-11,21.0,97.8335,-4.5,0.013889023357106558,0.5720454565090374
2024-11-12,21.0,97.955,-4.5,0.01380871651270825,0.5742701868103071
2024-11-13,21.0,97.9559,-4.5,0.013722036970108247,0.5783402702930059
2024-11-14,21.0,98.3657,-4.5,0.014658237152735698,0.5744791135000408
2024-11-15,21.0,99.018,-4.5,0.015093250001354738,0.5842435677724724
2024-11-18,21.0,99.9971,-4.5,0.015095830961645016,0.5752345495496951
2024-11-19,21.0,99.943,-4.5,0.016742774108262103,0.5841364293346089
2024-11-20,21.0,100.0348,-4.5,0.016874529669780203,0.5911198600704841
2024-11-21,21.0,100.2192,-4.5,0.016963583381463896,0.5956882813091077
2024-11-22,21.0,100.6798,-4.5,0.01645027720287965,0.5718996472569883
2024-11-25,21.0,102.5761,-4.5,0.015425693028392402,0.5634294211433284
2024-11-26,21.0,103.7908,-4.5,0.016220588906814604,0.5731394613893489
2024-11-27,21.0,105.0604,-4.5,0.016402867642433667,0.5600982464811147
2024-11-28,21.0,108.0104,-4.5,0.016664335705582733,0.5554276710776895
2024-11-29,21.0,109.5782,-5.200000000000003,0.016832569280558336,0.5437244079068444
2024-12-02,21.0,107.7409,-5.200000000000003,0.016760372033556275,0.5225037842211738
2024-12-03,21.0,107.1758,-5.200000000000003,0.017105886713661218,0.5224976290052985
2024-12-04,21.0,106.1878,-5.200000000000003,0.017039942534379206,0.5322778034039803
2024-12-05,21.0,104.2361,-5.200000000000003,0.01702807989211081,0.541249805330357
2024-12-06,21.0,103.3837,-5.200000000000003,0.01670459858464757,0.5328381493096078
2024-12-09,21.0,99.4215,-5.200000000000003,0.016440871818504812,0.5178212718255898
2024-12-10,21.0,99.3759,-5.200000000000003,0.016757455335712667,0.5257114248594164
2024-12-11,21.0,100.0324,-5.200000000000003,0.016678800895507998,0.5239314520868549
2024-12-12,21.0,103.2707,-5.200000000000003,0.016067848390523262,0.5305811783488703
2024-12-13,21.0,103.95,-5.200000000000003,0.015418460031733897,0.5255639724521932
2024-12-16,21.0,103.4305,-5.200000000000003,0.016142380509681847,0.5346395150110214
2024-12-17,21.0,102.9125,-5.200000000000003,0.015099189830327254,0.5258783468426788
2024-12-18,21.0,102.9979,-5.200000000000003,0.015521518018264171,0.5322880058435302
2024-12-19,21.0,102.7763,-5.200000000000003,0.015488936080678872,0.5276995129596228
2024-12-20,21.0,103.4207,-5.200000000000003,0.026262481252564435,0.5970578526948349
2024-12-23,21.0,102.3438,-5.200000000000003,0.02625131117585096,0.5972079066451155
2024-12-24,21.0,101.6143,-5.200000000000003,0.02538344745302572,0.6027986950281546
2024-12-25,21.0,99.8729,-5.200000000000003,0.02546114090530848,0.6001991880189484
2024-12-26,21.0,99.6125,-5.200000000000003,0.025193044827787527,0.5991428351111413
2024-12-27,21.0,99.2295,-5.200000000000003,0.025185978421932882,0.5993374995838391
2024-12-28,21.0,100.5281,-5.200000000000003,0.025233408138606646,0.5944308304969527
2024-12-30,21.0,101.6797,-2.839999999999998,0.025544875411748824,0.60043185215262
2025-01-03,21.0,101.6797,-2.839999999999998,0.025414538406005525,0.6088752926449835
2025-01-06,21.0,101.6797,-2.839999999999998,0.025519477092268286,0.6101195156020367
2025-01-08,21.0,101.6797,-2.839999999999998,0.025509634951017802,0.6086433401320472
2025-01-09,21.0,101.6797,-2.839999999999998,0.026265310562594336,0.6075172080404763
2025-01-10,21.0,102.2911,-2.839999999999998,0.025843674723938604,0.6059875242582055
2025-01-13,21.0,101.9146,-2.839999999999998,0.02580104124369459,0.5989680349636752
2025-01-14,21.0,102.7081,-2.839999999999998,0.02566116691798372,0.5953612467946565
2025-01-15,21.0,103.438,-2.839999999999998,0.025727320726479527,0.5968797727573859
2025-01-16,21.0,102.8078,-2.839999999999998,0.024750032297940882,0.5955734043254799
2025-01-17,21.0,102.3762,-2.839999999999998,0.02389640979088111,0.5943214687843372
2025-01-20,21.0,102.4137,-2.839999999999998,0.02416650754866441,0.5912998410554762
2025-01-21,21.0,101.9579,-2.839999999999998,0.024186395024472937,0.5914219144243764
2025-01-22,21.0,99.9282,-2.839999999999998,0.014717841348912594,0.5820552621474062
2025-01-23,21.0,98.2804,-2.839999999999998,0.014827397997622949,0.5696492984847971
2025-01-24,21.0,99.0978,-2.839999999999998,0.014711242346315151,0.5683327985379701
2025-01-27,21.0,98.2636,-2.839999999999998,0.015393522441674976,0.5773583118809446
2025-01-28,21.0,97.132,-2.839999999999998,0.015452368627614982,0.58009929233992
2025-01-29,21.0,97.9658,-2.839999999999998,0.015395562722591329,0.5783371126541991
2025-01-30,21.0,98.0126,-2.839999999999998,0.015315485046108971,0.5767492743886045
2025-01-31,21.0,98.0062,-1.3299999999999983,0.013546888195177917,0.5776019535798201
2025-02-03,21.0,97.8107,-1.3299999999999983,0.01287609825081484,0.577688278513701
2025-02-04,21.0,99.9433,-1.3299999999999983,0.012844223354484374,0.5724458974531519
2025-02-05,21.0,98.5336,-1.3299999999999983,0.012758975765109603,0.5719454602285147
2025-02-06,21.0,98.0556,-1.3299999999999983,0.01150793756120675,0.5780259292883497
2025-02-07,21.0,96.9104,-1.3299999999999983,0.010983345571255215,0.5768258396812572
2025-02-10,21.0,97.2762,-1.3299999999999983,0.01102893109793963,0.5761776557213499
2025-02-11,21.0,96.7821,-1.3299999999999983,0.010971628546346032,0.5758650226864945
2025-02-12,21.0,95.8024,-1.3299999999999983,0.01078675179325159,0.590659329282856
2025-02-13,21.0,94.0485,-1.3299999999999983,0.016112925729634592,0.5788130369168103
2025-02-14,21.0,91.0313,-1.3299999999999983,0.016237053786501896,0.5648816199593841
2025-02-17,21.0,90.3099,-1.3299999999999983,0.01781021166132792,0.5721791494518351
2025-02-18,21.0,91.4347,-1.3299999999999983,0.01841684307414047,0.5752078193003619
2025-02-19,21.0,91.3398,-1.3299999999999983,0.01833437732582294,0.5767958149007937
2025-02-20,21.0,90.4268,-1.3299999999999983,0.017682655127814806,0.5669913314408255
2025-02-21,21.0,88.5103,-1.3299999999999983,0.017789321422462978,0.5607125219380112
2025-02-24,21.0,88.1676,-1.3299999999999983,0.016810589126526422,0.5544204869057324
2025-02-25,21.0,88.2065,-1.3299999999999983,0.01672474075728933,0.55439674432992
2025-02-26,21.0,86.6318,-1.3299999999999983,0.017404128409057827,0.5694853464340978
2025-02-27,21.0,85.9279,-1.3299999999999983,0.017894025717576045,0.5811085680825607
2025-02-28,21.0,87.6967,-2.4200000000000017,0.01802039013750426,0.5756326773494962
2025-03-03,21.0,88.2568,-2.4200000000000017,0.018474846283660654,0.563723487431911
2025-03-04,21.0,89.2497,-2.4200000000000017,0.019328049679285867,0.5632616780251155
2025-03-05,21.0,89.2448,-2.4200000000000017,0.01932858696657097,0.5704748978863599
2025-03-06,21.0,89.7878,-2.4200000000000017,0.01987330189213199,0.5710724555657194
2025-03-07,21.0,89.5724,-2.4200000000000017,0.020197565766337865,0.5633885370494174
2025-03-10,21.0,89.1362,-2.4200000000000017,0.020076740867030967,0.5629885061853814
2025-03-11,21.0,88.3872,-2.4200000000000017,0.02008737804193487,0.5550161289562219
2025-03-12,21.0,86.5669,-2.4200000000000017,0.020175978984940737,0.5601718649162595
2025-03-13,21.0,86.6204,-2.4200000000000017,0.015637877656292987,0.5492944652407068
2025-03-14,21.0,86.619,-2.4200000000000017,0.016515922144475184,0.5614753636330545
2025-03-17,21.0,85.5694,-2.4200000000000017,0.014352656959291167,0.5616122464272432
2025-03-18,21.0,84.3059,-2.4200000000000017,0.013988799619300704,0.5699493907505386
2025-03-19,21.0,81.5018,-2.4200000000000017,0.014088927792485547,0.5206887210853008
2025-03-20,21.0,82.8487,-2.4200000000000017,0.013987399537196788,0.5155833433714536
2025-03-21,21.0,84.3955,-2.4200000000000017,0.014121697939996018,0.5187550007826165
2025-03-24,21.0,84.64,-2.4200000000000017,0.014020234906447467,0.5192034430653246
2025-03-25,21.0,83.8737,-2.4200000000000017,0.01387987851695889,0.5213900386394438
2025-03-26,21.0,84.193,-2.4200000000000017,0.013585558829954957,0.5287897309063598
2025-03-27,21.0,84.2065,-2.4200000000000017,0.01394814381259002,0.5438361696229388
2025-03-28,21.0,83.8347,-2.4200000000000017,0.014346751020807898,0.5383927509876676
2025-03-31,21.0,83.6813,-1.33,0.013948667197317582,0.5266651831633639
2025-04-01,21.0,85.4963,-1.33,0.011986425350017774,0.5313547111985322
2025-04-02,21.0,84.8707,-1.33,0.011825351671980334,0.5367841462489691
2025-04-03,21.0,84.5522,-1.33,0.012186599252985089,0.5435404890784994
2025-04-04,21.0,84.383,-1.33,0.013024129870273729,0.5709356956196243
2025-04-07,21.0,84.2774,-1.33,0.012648757476198903,0.5711678082066779
2025-04-08,21.0,86.1891,-1.33,0.01291461860370057,0.5750760242358474
2025-04-09,21.0,85.4641,-1.33,0.01426398077480589,0.5988111707467235
2025-04-10,21.0,86.0923,-1.33,0.018137587858311648,0.5962389863359597
2025-04-11,21.0,85.0159,-1.33,0.018154447872883263,0.6050753970738252
2025-04-14,21.0,84.004,-1.33,0.017446275489946192,0.6085566582809657
2025-04-15,21.0,82.7671,-1.33,0.017273644956300026,0.6069321938928408
2025-04-16,21.0,82.3003,-1.33,0.018318085817565763,0.6122284256432537
2025-04-17,21.0,82.5892,-1.33,0.018368593693232044,0.6103196964937116
2025-04-18,21.0,82.02,-1.33,0.018432572066200574,0.6140858504944584
2025-04-21,21.0,81.1371,-1.33,0.019101743348639386,0.6136299367988892
2025-04-22,21.0,80.7597,-1.33,0.019392188507061703,0.6099212475628831
2025-04-23,21.0,81.462,-1.33,0.019383630612341128,0.6127999970416831
2025-04-24,21.0,82.3637,-1.33,0.018992581386460254,0.613099311101398
2025-04-25,21.0,82.8559,-1.33,0.01923039799547617,0.6111860748956
2025-04-28,21.0,82.6549,-1.33,0.01932079460925116,0.598178202987115
2025-04-29,21.0,82.5467,-1.33,0.019831181489544332,0.6080928475207822
2025-04-30,21.0,81.5616,-1.429999999999998,0.019845718960129894,0.6037550403175131
2025-05-02,21.0,81.4933,-1.429999999999998,0.02019143023851595,0.6181139999246776
2025-05-05,21.0,81.4933,-1.429999999999998,0.020767984303538607,0.615770116383464
2025-05-06,21.0,81.9137,-1.429999999999998,0.021353719584911703,0.6183257003328786
2025-05-07,21.0,80.9644,-1.429999999999998,0.021341244627158164,0.6165536449503655
2025-05-08,21.0,80.8612,-1.429999999999998,0.01953137007200839,0.5988462198369912
2025-05-12,21.0,80.8612,-1.429999999999998,0.018192164320436445,0.6169164245680211
2025-05-13,21.0,80.8883,-1.429999999999998,0.017529579172358856,0.6186771844480404
2025-05-14,21.0,80.55,-1.429999999999998,0.017533714580425935,0.6037790036024961
2025-05-15,21.0,80.2237,-1.429999999999998,0.0187920201779076,0.6030642561324216
2025-05-16,21.0,80.3134,-1.429999999999998,0.01823597728276818,0.5979522957790788
2025-05-19,21.0,80.7689,-1.429999999999998,0.018546221862101992,0.6007299523745144
2025-05-20,21.0,80.4137,-1.429999999999998,0.019119002815555883,0.6013338126751885
2025-05-21,21.0,80.3075,-1.429999999999998,0.018658547432381985,0.6062215027806183
2025-05-22,21.0,79.753,-1.429999999999998,0.018434025944577617,0.6111218488423106
2025-05-23,21.0,79.7357,-1.429999999999998,0.01847011735987984,0.6062354506594921
2025-05-26,21.0,79.7108,-1.429999999999998,0.01911747376328134,0.611290396024575
2025-05-27,21.0,79.6588,-1.429999999999998,0.018678098834968626,0.6127861053729247
2025-05-28,21.0,79.6176,-1.429999999999998,0.01909264500585245,0.6245954253769911
2025-05-29,21.0,79.6037,-1.429999999999998,0.01862183661000537,0.6201556237225789
2025-05-30,21.0,78.497,-0.7599999999999998,0.018544338215114753,0.6207783050828332
2025-06-02,21.0,78.6171,-0.7599999999999998,0.017453574384934847,0.6122683017218014
2025-06-03,21.0,79.1285,-0.7599999999999998,0.015445480272943284,0.604161769863404
2025-06-04,21.0,78.8549,-0.7599999999999998,0.013986054488107157,0.6042589130673629
2025-06-05,21.0,78.5025,-0.7599999999999998,0.014035041740137314,0.6054831609981209
2025-06-06,21.0,79.1272,-0.7599999999999998,0.015034563003329704,0.6123797784430077
2025-06-09,20.0,79.1703,-0.7599999999999998,0.013818307148790144,0.6097829864455361
2025-06-10,20.0,79.1543,-0.7599999999999998,0.013773137656200085,0.6086650910036421
2025-06-11,20.0,78.6003,-0.7599999999999998,0.013878609480118192,0.6052553204052106
2025-06-13,20.0,79.0028,-0.7599999999999998,0.0126472102269149,0.5951110739152675
2025-06-16,20.0,79.0028,-0.7599999999999998,0.012658335676702777,0.5947910117843678
2025-06-17,20.0,78.5067,-0.7599999999999998,0.012944891332172631,0.5972639872114376
2025-06-18,20.0,78.7135,-0.7599999999999998,0.01215580733828945,0.5968708655581485
2025-06-19,20.0,78.7174,-0.7599999999999998,0.012125492612250263,0.6004736994545755
2025-06-20,20.0,78.4839,-0.7599999999999998,0.012328294261458412,0.6012942869262469
2025-06-23,20.0,78.5016,-0.7599999999999998,0.012234220586108374,0.5979411489458908
2025-06-24,20.0,78.2923,-0.7599999999999998,0.01079379256463588,0.5949458841890172
2025-06-25,20.0,78.3892,-0.7599999999999998,0.011001589613007153,0.5980603657664509
2025-06-26,20.0,78.1959,-0.7599999999999998,0.010289714371043633,0.6000013847101601
2025-06-27,20.0,78.2117,-0.7599999999999998,0.010115612206822253,0.6027010988315116
2025-06-30,20.0,78.4685,0.05000000000000071,0.010544186675198014,0.6000872387056487
2025-07-01,20.0,78.5284,0.05000000000000071,0.010544168968105982,0.59510678657506
2025-07-02,20.0,78.4181,0.05000000000000071,0.01087514148329249,0.5672095481306297
2025-07-03,20.0,78.654,0.05000000000000071,0.010895207223467606,0.5757212339832016
2025-07-04,20.0,78.7831,0.05000000000000071,0.01087917208645839,0.5703515060044829
2025-07-07,20.0,78.8354,0.05000000000000071,0.010042734868819573,0.5380102502189343
2025-07-08,20.0,78.7185,0.05000000000000071,0.009224554882371484,0.5497212535842873
2025-07-09,20.0,78.1682,0.05000000000000071,0.010373618094945912,0.533880760497137
2025-07-10,20.0,78.1727,0.05000000000000071,0.010786591957579488,0.5128844692212148
2025-07-11,20.0,77.9029,0.05000000000000071,0.012962522025870126,0.5320443890793924
2025-07-14,20.0,77.8855,0.05000000000000071,0.01448958216055634,0.5523068808846213
2025-07-15,20.0,78.3722,0.05000000000000071,0.014303009497714065,0.5491410149196606
2025-07-16,20.0,77.9584,0.05000000000000071,0.014406979826702375,0.5473421074625741
2025-07-17,20.0,77.9585,0.05000000000000071,0.01444770817668129,0.5295847209908741
2025-07-18,20.0,78.1856,0.05000000000000071,0.014307900019765372,0.505841831572558
2025-07-21,20.0,78.3129,0.05000000000000071,0.014578575020234042,0.50346223355744
2025-07-22,20.0,78.3274,0.05000000000000071,0.014496927586888498,0.504538984604226
2025-07-23,20.0,78.0882,0.05000000000000071,0.014091808894236451,0.5002177315602578
2025-07-24,20.0,78.4477,0.05000000000000071,0.014371656076050749,0.5115738512040024
2025-07-25,20.0,78.8623,0.05000000000000071,0.014634139601157583,0.5026256080675355
2025-07-28,18.0,79.5527,0.05000000000000071,0.014513315179735777,0.5043287095615362
2025-07-29,18.0,79.5782,0.05000000000000071,0.014753134777803989,0.4778930652589975
2025-07-30,18.0,82.2197,0.05000000000000071,0.01475195855760732,0.4792188711715508
2025-07-31,18.0,81.8347,0.45000000000000107,0.014741692492199749,0.4742289106206239
2025-08-01,18.0,80.3163,0.45000000000000107,0.014670715991221895,0.4741667841897005
2025-08-04,18.0,80.3289,0.45000000000000107,0.014752053982950219,0.4790510303558778
2025-08-05,18.0,79.6736,0.45000000000000107,0.014779176681496316,0.46418489552607517
2025-08-06,18.0,80.049,0.45000000000000107,0.013998483115272754,0.47028894221930057
2025-08-07,18.0,80.1914,0.45000000000000107,0.016337160665705813,0.46321078824942674
2025-08-08,18.0,79.3847,0.45000000000000107,0.014259816394574049,0.48105911283938335
2025-08-11,18.0,79.7796,0.45000000000000107,0.013444884425556877,0.47994200292285377
2025-08-12,18.0,79.6677,0.45000000000000107,0.013180935595123802,0.4760433659271207
2025-08-13,18.0,79.8714,0.45000000000000107,0.013206936600072699,0.47172790680191357
2025-08-14,18.0,79.6032,0.45000000000000107,0.013042698088562735,0.4710391756283401
2025-08-15,18.0,79.7653,0.45000000000000107,0.013123324885497278,0.47006513713678955
2025-08-18,18.0,80.0224,0.45000000000000107,0.013983285608475542,0.47308492685233644
2025-08-19,18.0,80.4256,0.45000000000000107,0.013992461739090663,0.4521962585246504
2025-08-20,18.0,80.3466,0.45000000000000107,0.01417983285139483,0.45570147652800463
2025-08-21,18.0,80.1045,0.45000000000000107,0.014664562164847001,0.44936616831159165
2025-08-22,18.0,80.2548,0.45000000000000107,0.014299450571521427,0.4469458028678582
2025-08-25,18.0,80.7498,0.45000000000000107,0.013788817085570832,0.44537920366593486
2025-08-26,18.0,80.6842,0.45000000000000107,0.013702728231218967,0.45688134994539836
2025-08-27,18.0,80.5268,0.45000000000000107,0.013365269554328657,0.4610901274375864
2025-08-28,18.0,80.4421,0.45000000000000107,0.013379179703178836,0.465616578222048
2025-08-29,18.0,80.2918,0.120000000000001,0.013454447075929762,0.4634231144916239
2025-09-01,18.0,80.3316,0.120000000000001,0.013149132306167247,0.4448379336227691
2025-09-02,18.0,80.4261,0.120000000000001,0.013636310381933869,0.4504175406350516
2025-09-03,18.0,80.5947,0.120000000000001,0.013543616664915274,0.44842206646083366
2025-09-04,18.0,80.8488,0.120000000000001,0.010072151304894444,0.44793965554638454
2025-09-05,18.0,81.2977,0.120000000000001,0.009562711769354698,0.46387572561140367
2025-09-08,18.0,81.5556,0.120000000000001,0.009166282078685589,0.46245974699449754
2025-09-09,18.0,82.3397,0.120000000000001,0.009181924270500935,0.45868644666279146
2025-09-10,18.0,83.2425,0.120000000000001,0.009304373066278324,0.4613511067694168
2025-09-11,18.0,84.9211,0.120000000000001,0.009289858070124436,0.457969649536365
2025-09-12,18.0,85.6647,0.120000000000001,0.010039691440054274,0.47340225933721836
2025-09-15,17.0,84.3798,0.120000000000001,0.009373204110214068,0.4743679686382927
2025-09-16,17.0,83.0718,0.120000000000001,0.009215042166614803,0.4743264411872802
2025-09-17,17.0,82.8359,0.120000000000001,0.00923526003236313,0.47132556293318684
2025-09-18,17.0,82.9987,0.120000000000001,0.008395671195762358,0.47765718163993137
2025-09-19,17.0,83.1725,0.120000000000001,0.008876537709281358,0.4813066865872249
2025-09-22,17.0,83.5904,0.120000000000001,0.008875040567400867,0.4816058416932458
2025-09-23,17.0,84.0186,0.120000000000001,0.00909129969216306,0.4949947136491277
2025-09-24,17.0,83.3506,0.120000000000001,0.008986639032728333,0.49061309519548063
2025-09-25,17.0,83.9914,0.120000000000001,0.008954930241561142,0.4913271168055993
2025-09-26,17.0,83.6069,0.120000000000001,0.00922245718979233,0.49182101894796104
2025-09-29,17.0,83.6118,0.120000000000001,0.00962519835923326,0.48393817615799223
2025-09-30,17.0,82.8676,0.5099999999999998,0.009310554852687029,0.4772524386518031
2025-10-01,17.0,82.6084,0.5099999999999998,0.009268388655767545,0.4797366641579274
2025-10-02,17.0,81.4967,0.5099999999999998,0.009162643565745289,0.5092579711086345
2025-10-03,17.0,81.0085,0.5099999999999998,0.008633867136716008,0.486777003525028
2025-10-06,17.0,81.8969,0.5099999999999998,0.00960795344196418,0.4604599706649028
2025-10-07,17.0,83.0,0.5099999999999998,0.009768640368489775,0.46617451281039013
2025-10-08,17.0,81.9349,0.5099999999999998,0.012526233045262073,0.4946443576107975
2025-10-09,17.0,81.5478,0.5099999999999998,0.014876069952884033,0.5108911058729214
2025-10-10,17.0,81.4103,0.5099999999999998,0.014601291538631307,0.5481620410528143
2025-10-13,17.0,81.1898,0.5099999999999998,0.014533173936366198,0.5435096226858143
2025-10-14,17.0,80.8548,0.5099999999999998,0.01467334088985493,0.542332748076742
2025-10-15,17.0,79.9589,0.5099999999999998,0.014603694210238148,0.5412101859586571
2025-10-16,17.0,78.839,0.5099999999999998,0.016001907388200384,0.6264999249182879
2025-10-17,17.0,79.0839,0.5099999999999998,0.0187879309984959,0.6190607409011721
2025-10-20,17.0,80.9834,0.5099999999999998,0.018886129574748743,0.6191956871531659
2025-10-21,17.0,81.3582,0.5099999999999998,0.020930120701113577,0.6341862122867892
2025-10-22,17.0,81.3475,0.5099999999999998,0.02088724508908028,0.634468162417426
2025-10-23,17.0,81.6549,0.5099999999999998,0.021924787763400823,0.6271423176103124
2025-10-24,17.0,81.269,0.5099999999999998,0.021892817271328826,0.6281531717250016
2025-10-27,16.5,80.9713,0.5099999999999998,0.022348886866966483,0.636788395935765
2025-10-28,16.5,78.9848,0.5099999999999998,0.022473694045847006,0.6364613126601559
2025-10-29,16.5,79.8174,0.5099999999999998,0.02256154510717896,0.6305754266848507
2025-10-30,16.5,79.4715,0.5099999999999998,0.022810236885296455,0.630553775299089
2025-10-31,16.5,80.5037,0.3899999999999988,0.02286164004997002,0.6227090649508943
2025-11-01,16.5,80.9756,0.3899999999999988,0.022488162524085437,0.6293740398551467
2025-11-03,16.5,80.8861,0.3899999999999988,0.02271900462408537,0.6370359408742672
2025-11-05,16.5,80.8861,0.3899999999999988,0.02098635392853496,0.6421644462659024
2025-11-06,16.5,81.1885,0.3899999999999988,0.019787381793210938,0.6436656102856664
2025-11-07,16.5,81.3765,0.3899999999999988,0.019498549985665425,0.6427047809580119
2025-11-10,16.5,81.2257,0.3899999999999988,0.01948211954488334,0.6396594999247507
2025-11-11,16.5,81.0132,0.3899999999999988,0.01923362960178341,0.6415844176560017
2025-11-12,16.5,81.3562,0.3899999999999988,0.01942797228281372,0.6400239115746187
2025-11-13,16.5,81.2852,0.3899999999999988,0.01856947223785649,0.6377891546910701
2025-11-14,16.5,80.601,0.3899999999999988,0.015344759285289451,0.6353749316292696
2025-11-17,16.5,81.1276,0.3899999999999988,0.01507339319782487,0.6351102353165125
2025-11-18,16.5,81.1302,0.3899999999999988,0.013419132588849973,0.6378514718778245
2025-11-19,16.5,81.0547,0.3899999999999988,0.0152846794278459,0.6517440898766628
2025-11-20,16.5,80.9448,0.3899999999999988,0.013556810591260708,0.6596185224384299
2025-11-21,16.5,80.7321,0.3899999999999988,0.013995869348362567,0.6629679875676642
2025-11-24,16.5,79.0246,0.3899999999999988,0.012681336794247473,0.6632264336098719
2025-11-25,16.5,78.9202,0.3899999999999988,0.012786779273512941,0.6644940360192902
2025-11-26,16.5,78.9615,0.3899999999999988,0.012855012154676708,0.6650158977596176
2025-11-27,16.5,78.5941,0.3899999999999988,0.013372877042936077,0.667384903998946
2025-11-28,16.5,78.2503,-0.2400000000000002,0.013638853484245657,0.6718653175686339
2025-12-01,16.5,78.2284,-0.2400000000000002,0.013640416067474266,0.6722836517590148
2025-12-02,16.5,77.7027,-0.2400000000000002,0.013518267456816845,0.673044981631571
2025-12-03,16.5,77.4631,-0.2400000000000002,0.013380002248370496,0.6724281221679375
2025-12-04,16.5,77.9556,-0.2400000000000002,0.013352551985332958,0.6801162045845155
2025-12-05,16.5,76.9708,-0.2400000000000002,0.013878062064169102,0.6795529502716571
2025-12-08,16.5,76.0937,-0.2400000000000002,0.013861613169325538,0.6754520324463642
2025-12-09,16.5,77.2733,-0.2400000000000002,0.013887362069288218,0.6760495427963273
2025-12-10,16.5,76.8084,-0.2400000000000002,0.013488849770417916,0.6781318798269053
2025-12-11,16.5,77.8998,-0.2400000000000002,0.013571709336931154,0.6771167224569369
2025-12-12,16.5,79.3398,-0.2400000000000002,0.01344478690583505,0.6780963744577179
2025-12-15,16.5,79.7296,-0.2400000000000002,0.013235380727938138,0.6818557081381463
2025-12-16,16.5,79.4495,-0.2400000000000002,0.012728300544363498,0.6793578998443912
2025-12-17,16.5,79.4302,-0.2400000000000002,0.010981739370382259,0.6800690812294784
2025-12-18,16.5,80.3807,-0.2400000000000002,0.01084088130766408,0.6761936487464347
2025-12-19,16.5,80.0301,-0.2400000000000002,0.009916651494965746,0.6786396564128542
2025-12-22,16.0,80.722,-0.2400000000000002,0.009831683483524487,0.6867152462334297
2025-12-23,16.0,79.3146,-0.2400000000000002,0.009534969508024774,0.6854887600384996
2025-12-24,16.0,78.585,-0.2400000000000002,0.009404268988979472,0.686097362224671
2025-12-25,16.0,78.4368,-0.2400000000000002,0.008372404328092843,0.6867380008389786
2025-12-26,16.0,77.8844,-0.2400000000000002,0.007731975346129356,0.6956209865672575
2025-12-29,16.0,77.6923,-0.2400000000000002,0.007826751201775367,0.6928589951700459
2025-12-30,16.0,77.4466,0.5199999999999996,0.007756264586043165,0.6928152605284206
2026-01-05,16.0,78.2267,0.5199999999999996,0.007650598578133931,0.6805381406812295
2026-01-06,16.0,78.2267,0.5199999999999996,0.0077777996291597705,0.6810464759961427
2026-01-08,16.0,78.2267,0.5199999999999996,0.00681581391355402,0.6770511044094578
2026-01-09,16.0,78.2267,0.5199999999999996,0.006806833550265851,0.6818625230204323
2026-01-12,16.0,78.2267,0.5199999999999996,0.007083017545980607,0.6606724734824148
2026-01-13,16.0,78.7913,0.5199999999999996,0.006917338218479605,0.6632247634767201
2026-01-14,16.0,78.8527,0.5199999999999996,0.006470536272839465,0.5807591071873413
2026-01-15,16.0,78.5711,0.5199999999999996,0.0064415270455648824,0.5899908578949011
2026-01-16,16.0,78.528,0.5199999999999996,0.006991083271944561,0.5936436480193932
2026-01-19,16.0,77.8332,0.5199999999999996,0.006798776657704079,0.5768840736336328
2026-01-20,16.0,77.7586,0.5199999999999996,0.006771320685577712,0.5690063058371704
2026-01-21,16.0,77.8247,0.5199999999999996,0.007277669989781831,0.5747517851989493
2026-01-22,16.0,77.5159,0.5199999999999996,0.007224882426347546,0.5722669825963997
2026-01-23,16.0,76.0382,0.5199999999999996,0.006820783245494204,0.5355394201384729
2026-01-26,16.0,75.9246,0.5199999999999996,0.006866736396392478,0.5388504474302015
2026-01-27,16.0,76.0101,0.5199999999999996,0.006889369541230201,0.5424547501934419
2026-01-28,16.0,76.5519,0.5199999999999996,0.0068493943547565436,0.5376285044394573
2026-01-29,16.0,76.2662,0.5199999999999996,0.006081909990379601,0.5131270882167265
2026-01-30,16.0,76.0251,-0.16000000000000014,0.006116913412548933,0.5221054304314224
2026-02-02,16.0,75.7327,-0.16000000000000014,0.005928540350790506,0.506719287457567
2026-02-03,16.0,77.0223,-0.16000000000000014,0.00602840583665711,0.5008456223325797
2026-02-04,16.0,76.9817,-0.16000000000000014,0.0059986997931248094,0.4982210911283377
2026-02-05,16.0,76.9102,-0.16000000000000014,0.006459713016966253,0.5063416103134071
2026-02-06,16.0,76.5523,-0.16000000000000014,0.006446673176268534,0.5083830401324063
2026-02-09,16.0,77.054,-0.16000000000000014,0.006191917634693357,0.5047045620829639
2026-02-10,16.0,77.6502,-0.16000000000000014,0.006224205540767548,0.5021037504298143
2026-02-11,16.0,77.2091,-0.16000000000000014,0.007025235014130747,0.504820560235214
2026-02-12,16.0,77.4648,-0.16000000000000014,0.007026853703651162,0.5014124529678339
2026-02-13,16.0,77.188,-0.16000000000000014,0.0065902201372257906,0.4923881152022056
2026-02-16,15.5,77.1944,-0.16000000000000014,0.006485335863771187,0.48314802014273706
2026-02-17,15.5,76.6201,-0.16000000000000014,0.0065695906051019045,0.46011149365567744
2026-02-18,15.5,76.7389,-0.16000000000000014,0.006108429868483384,0.43753418285781054
2026-02-19,15.5,76.1524,-0.16000000000000014,0.0061281778475243,0.43318717138607404
2026-02-20,15.5,76.6405,-0.16000000000000014,0.006114062368299103,0.434457756946888
2026-02-24,15.5,76.7519,-0.16000000000000014,0.006070791616081265,0.43015838741665435
2026-02-25,15.5,76.6342,-0.16000000000000014,0.0061506279798336306,0.42959564122235094
2026-02-26,15.5,76.4678,-0.16000000000000014,0.006185124641315963,0.41590972135636733
2026-02-27,15.5,77.1218,-0.28999999999999915,0.006233619500280653,0.40232937918353173
2026-03-02,15.5,77.2736,-0.28999999999999915,0.006731977621802665,0.3441269084024698
2026-03-03,15.5,77.1734,-0.28999999999999915,0.006673071549958083,0.34283377759026085
2026-03-04,15.5,77.6093,-0.28999999999999915,0.006699069212811777,0.337046304507202
2026-03-05,15.5,77.8009,-0.28999999999999915,0.0067183865107247566,0.33185316387338615
2026-03-06,15.5,78.19,-0.28999999999999915,0.006031933676710464,0.3075812744705503
2026-03-09,15.5,79.15,-0.28999999999999915,0.006389683261006065,0.29939531220077126
2026-03-10,15.5,79.15,-0.28999999999999915,0.007075602087977733,0.2931304170458432
2026-03-11,15.5,78.7396,-0.28999999999999915,0.006980304990608626,0.28982796960116997
2026-03-12,15.5,79.068,-0.28999999999999915,0.006409330938743678,0.28489597636331787
2026-03-13,15.5,79.0671,-0.28999999999999915,0.0064234177875203986,0.2702746176272542
2026-03-16,15.5,80.2254,-0.28999999999999915,0.00665913573882641,0.2615720036706769
2026-03-17,15.5,81.0517,-0.28999999999999915,0.006663617320420744,0.2589667599918472
2026-03-18,15.5,81.9103,-0.28999999999999915,0.006511753631385548,0.2554366118224595
2026-03-19,15.5,83.1259,-0.28999999999999915,0.006499801757860026,0.25946831572809
2026-03-20,15.5,84.8379,-0.28999999999999915,0.006476819331182871,0.25710720218413113
2026-03-23,15.0,83.9982,-0.28999999999999915,0.007055728222570363,0.25039648839150697
2026-03-24,15.0,81.8763,-0.28999999999999915,0.007038716065932706,0.24862151469163146
2026-03-25,15.0,80.9604,-0.28999999999999915,0.006923313693545596,0.2458203683999111
2026-03-26,15.0,80.7192,-0.28999999999999915,0.0070314603206181134,0.2504469425240249
2026-03-27,15.0,82.1314,-0.28999999999999915,0.007480925422797096,0.23576813815814018
2026-03-30,15.0,81.1443,-0.28999999999999915,0.0068910436625183825,0.22511853785395508
2026-03-31,15.0,81.2955,0.7199999999999989,0.007096047739672883,0.22425918413007226
2026-04-01,15.0,81.2504,0.7199999999999989,0.007013441975627384,0.22060865224116014
2026-04-02,15.0,80.6234,0.7199999999999989,0.006870581273551556,0.21948444167727788
2026-04-03,15.0,80.3332,0.7199999999999989,0.006393482710728876,0.21394222606009117
2026-04-06,15.0,79.7293,0.7199999999999989,0.006048059983167478,0.21513006400870413
2026-04-07,15.0,78.7277,0.7199999999999989,0.005691963772021255,0.2300988844260298
2026-04-08,15.0,78.7496,0.7199999999999989,0.0061490268938543995,0.22296081851090485
2026-04-09,15.0,78.3043,0.7199999999999989,0.006233245296212942,0.22781399572071204
2026-04-10,15.0,77.8366,0.7199999999999989,0.0062085990391791525,0.23356245044323834
2026-04-13,15.0,76.9724,0.7199999999999989,0.006154589439962065,0.22333859252222654
2026-04-14,15.0,76.2489,0.7199999999999989,0.006180799617257747,0.22294992853145112
2026-04-15,15.0,75.8532,0.7199999999999989,0.006117937184631077,0.2303590593614758
2026-04-16,15.0,75.2346,0.7199999999999989,0.006137966066909385,0.2193639443668467
2026-04-17,15.0,76.0861,0.7199999999999989,0.006198827461644951,0.2171094783869524
2026-04-20,15.0,76.0535,0.7199999999999989,0.006545716015794101,0.2181104922146855
2026-04-21,15.0,75.237,0.7199999999999989,0.006543111888803253,0.21097906716114104
2026-04-22,15.0,74.5897,0.7199999999999989,0.006555983245821598,0.20005680564097053
2026-04-23,15.0,74.9995,0.7199999999999989,0.006545994945301753,0.19967307171706383
2026-04-24,15.0,74.8349,0.7199999999999989,0.006744000175668973,0.19414499125786128
2026-04-27,14.5,75.5273,0.7199999999999989,0.006645707759871919,0.17747920008396914
2026-04-28,14.5,74.8081,0.7199999999999989,0.00697351428452627,0.19534337718606662
2026-04-29,14.5,74.6947,0.7199999999999989,0.008228199875186701,0.20928773218595836
2026-04-30,14.5,74.8806,1.1899999999999995,0.008485266429455436,0.20691515388729376
2026-05-04,14.5,74.8014,1.1899999999999995,0.008881951977748237,0.2053290513359333
2026-05-05,14.5,75.4388,1.1899999999999995,0.008897555470115864,0.21717321385961647
2026-05-06,14.5,75.3448,1.1899999999999995,0.008751231807971702,0.2145102764049246
2026-05-07,14.5,75.2246,1.1899999999999995,0.008565167348844362,0.21363403659100186
2026-05-08,14.5,74.6209,1.1899999999999995,0.00837488982466641,0.2053073375398513
2026-05-11,14.5,74.2963,1.1899999999999995,0.010098469562909535,0.22338129229361214
2026-05-12,14.5,74.2963,1.3000000000000007,0.010551107360945207,0.2299121126743582
