date,ticker,open,high,low,market_close,value,capitalization
2022-01-03,IMOEX,3825.3,3866.15,3823.5,3852.5,52472868137.9,19050000386308.637
2022-01-04,IMOEX,3880.2,3892.33,3846.81,3873.49,62624414462.0,19153798451398.637
2022-01-05,IMOEX,3857.9,3875.25,3805.06,3815.05,59842279698.45,18864822163313.258
2022-01-06,IMOEX,3758.68,3784.17,3720.17,3753.29,83469097491.95,18559424880874.74
2022-01-07,IMOEX,3772.04,3772.04,3772.04,3772.04,0.0,18652144885318.18
2022-01-10,IMOEX,3798.43,3806.84,3726.73,3738.68,85302196824.3,18487190627063.824
2022-01-11,IMOEX,3764.56,3800.91,3751.45,3785.29,81053376709.85,18717680108245.777
2022-01-12,IMOEX,3797.31,3841.72,3783.92,3829.95,100865330719.7,18938495939185.15
2022-01-13,IMOEX,3814.98,3818.97,3664.48,3674.73,178770807642.9,18170960657063.582
2022-01-14,IMOEX,3703.9,3723.62,3512.03,3596.98,253410592849.3,17786510970653.58
2022-01-17,IMOEX,3633.01,3651.36,3501.94,3560.35,156354454242.75,17605381085684.953
2022-01-18,IMOEX,3527.77,3534.56,3297.12,3328.94,302733934140.55,16461095067551.904
2022-01-19,IMOEX,3290.31,3500.27,3256.6,3436.82,257223110460.45,16994531502920.621
2022-01-20,IMOEX,3519.02,3533.61,3403.74,3516.02,191687148184.9,17386203721894.97
2022-01-21,IMOEX,3420.12,3503.84,3407.27,3439.25,180588337458.0,17006575540684.14
2022-01-24,IMOEX,3426.19,3426.47,3158.46,3235.28,262889650990.6,15997967950133.695
2022-01-25,IMOEX,3316.98,3330.9,3229.45,3258.74,157537334538.2,16113969875965.834
2022-01-26,IMOEX,3341.71,3412.15,3276.06,3357.66,160814042402.85,16603125470284.545
2022-01-27,IMOEX,3296.47,3525.94,3284.49,3455.93,237136967964.7,17089047450506.557
2022-01-28,IMOEX,3508.57,3534.4,3446.01,3488.6,143424640143.0,17250576968075.86
2022-01-31,IMOEX,3524.11,3566.05,3518.55,3530.38,117693256585.8,17457205741984.42
2022-02-01,IMOEX,3564.55,3584.71,3531.35,3548.17,110134440838.2,17545177826965.012
2022-02-02,IMOEX,3574.87,3580.22,3516.17,3543.8,110896294130.6,17523556285749.535
2022-02-03,IMOEX,3498.76,3519.23,3446.65,3471.18,102906904754.15,17164460711855.559
2022-02-04,IMOEX,3499.32,3556.32,3464.14,3471.01,124982530504.55,17163608222869.805
2022-02-07,IMOEX,3511.39,3521.26,3437.93,3470.78,74559343723.85,17162469377249.54
2022-02-08,IMOEX,3497.18,3551.65,3487.64,3551.65,121464922915.6,17562382627360.762
2022-02-09,IMOEX,3593.0,3638.93,3580.45,3638.93,137282606163.35,17993968936021.91
2022-02-10,IMOEX,3628.51,3655.76,3592.75,3655.76,136808104131.2,18077181608795.395
2022-02-11,IMOEX,3579.69,3596.74,3514.12,3546.62,136512105820.75,17537511259439.844
2022-02-14,IMOEX,3442.82,3524.87,3404.35,3481.38,188828937775.65,17214911511838.717
2022-02-15,IMOEX,3532.0,3614.15,3514.98,3600.29,185244698014.9,17802891706883.53
2022-02-16,IMOEX,3682.94,3683.95,3608.01,3646.41,141370949768.1,18030936281201.41
2022-02-17,IMOEX,3588.27,3595.12,3498.2,3511.08,166699291103.35,17361772936543.238
2022-02-18,IMOEX,3547.04,3565.52,3371.05,3393.31,176700371489.15,16779384283925.133
2022-02-21,IMOEX,3458.73,3460.42,2910.49,3036.88,469404900519.2,15016896450471.83
2022-02-22,IMOEX,2909.4,3113.4,2756.46,3084.74,430550627229.75,15253552050708.1
2022-02-24,IMOEX,2735.88,2740.31,1681.55,2058.12,246452894354.77,10177076362197.01
2022-02-25,IMOEX,2261.33,2552.46,2256.09,2470.48,189354389723.36,12216154349897.646
2022-03-24,IMOEX,2474.52,2761.17,2447.68,2578.51,100222210672.2,12750332493283.037
2022-03-25,IMOEX,2620.62,2664.74,2470.69,2484.13,49167284761.2,12283621511262.43
2022-03-28,IMOEX,2479.49,2484.57,2407.2,2430.7,25937057002.85,12019460515715.344
2022-03-29,IMOEX,2442.43,2538.2,2363.62,2408.49,59068848968.85,11909608641202.867
2022-03-30,IMOEX,2437.92,2513.03,2437.92,2513.03,39721405988.35,12426568849678.89
2022-03-31,IMOEX,2535.32,2703.51,2533.39,2703.51,80017047214.7,13368431332556.445
2022-04-01,IMOEX,2714.62,2817.72,2714.62,2759.64,77972322862.8,13646014592832.201
2022-04-04,IMOEX,2775.06,2835.46,2682.34,2787.69,67754307203.25,13784704528217.094
2022-04-05,IMOEX,2796.56,2808.27,2576.34,2662.79,68532631919.2,13167109995907.164
2022-04-06,IMOEX,2641.79,2696.97,2594.95,2611.43,45527445852.1,12913130824234.902
2022-04-07,IMOEX,2618.26,2653.85,2618.26,2635.39,33674118545.4,13031597687173.98
2022-04-08,IMOEX,2649.16,2656.72,2554.72,2592.72,30923457083.65,12820602597629.219
2022-04-11,IMOEX,2596.17,2623.64,2557.16,2557.16,26788780551.25,12644750956655.41
2022-04-12,IMOEX,2559.22,2570.78,2472.28,2540.99,33176929301.85,12564814471495.941
2022-04-13,IMOEX,2546.64,2558.86,2517.44,2528.42,19008934214.15,12502662551012.95
2022-04-14,IMOEX,2530.9,2533.77,2403.86,2404.73,24317562706.85,11891020582503.568
2022-04-15,IMOEX,2403.16,2431.91,2353.13,2424.99,24555619329.9,11991207791972.379
2022-04-18,IMOEX,2430.91,2447.58,2338.36,2342.63,23242744263.95,11583925694072.79
2022-04-19,IMOEX,2342.53,2344.37,2216.61,2317.46,35589597026.4,11459479021361.37
2022-04-20,IMOEX,2326.03,2374.87,2271.72,2330.73,34640809161.75,11525106305642.87
2022-04-21,IMOEX,2334.97,2341.21,2260.68,2271.05,28368978164.55,11230016424577.682
2022-04-22,IMOEX,2271.18,2290.04,2223.73,2232.23,32280692497.9,11038038093586.484
2022-04-25,IMOEX,2236.32,2237.45,2168.18,2186.22,22521850031.3,10810506895208.82
2022-04-26,IMOEX,2190.97,2347.92,2190.97,2318.46,42976151804.4,11464407596721.021
2022-04-27,IMOEX,2326.27,2427.47,2305.47,2424.28,48952158762.7,11987696534093.428
2022-04-28,IMOEX,2434.86,2505.94,2379.12,2383.66,60911768321.75,11786815412336.617
2022-04-29,IMOEX,2390.83,2448.52,2390.83,2445.17,41353794398.65,12091010455283.03
2022-05-04,IMOEX,2444.25,2464.6,2373.16,2373.16,25945992882.25,11734894431984.242
2022-05-05,IMOEX,2379.04,2412.81,2379.04,2404.8,17342318812.95,11891371345164.453
2022-05-06,IMOEX,2405.17,2406.78,2372.52,2393.03,18005651254.65,11833191995912.586
2022-05-11,IMOEX,2391.91,2414.87,2367.48,2387.14,18772686042.2,11804044671008.12
2022-05-12,IMOEX,2382.33,2386.16,2283.31,2297.89,22770570603.55,11362696201390.863
2022-05-13,IMOEX,2309.98,2321.91,2283.1,2307.5,15604714548.0,11410240442060.062
2022-05-16,IMOEX,2308.2,2379.35,2306.06,2364.6,25869494279.5,11692565629477.799
2022-05-17,IMOEX,2378.08,2425.17,2371.93,2424.1,35173701855.45,11986813596175.387
2022-05-18,IMOEX,2438.0,2490.17,2438.0,2445.3,42157561625.15,12091611438465.826
2022-05-19,IMOEX,2454.36,2454.83,2414.63,2436.57,23142918171.25,12048448527714.367
2022-05-20,IMOEX,2441.56,2451.02,2365.81,2373.26,26154389699.35,11735425961784.658
2022-05-23,IMOEX,2379.66,2389.42,2300.77,2301.85,25254453193.0,11382293362340.91
2022-05-24,IMOEX,2300.11,2317.92,2229.22,2293.62,34493860692.9,11341615808459.486
2022-05-25,IMOEX,2300.15,2340.18,2291.13,2340.18,28631752004.9,11571821816275.059
2022-05-26,IMOEX,2348.44,2415.03,2327.29,2413.06,64356904664.25,11932212504713.531
2022-05-27,IMOEX,2424.7,2439.89,2399.92,2407.59,34678510445.75,11905178615331.268
2022-05-30,IMOEX,2418.21,2433.04,2376.44,2400.39,27385294017.35,11869552226185.91
2022-05-31,IMOEX,2400.75,2400.75,2351.74,2355.75,20607741318.75,11648821833896.46
2022-06-01,IMOEX,2349.84,2385.64,2338.9,2374.6,23159339655.75,11742042423109.846
2022-06-02,IMOEX,2374.67,2382.23,2337.53,2340.17,25936157830.6,11571776092809.758
2022-06-03,IMOEX,2341.55,2348.03,2286.82,2308.03,36640803131.35,11412860861409.883
2022-06-06,IMOEX,2308.35,2321.75,2277.21,2282.16,23466169598.8,11284937101995.738
2022-06-07,IMOEX,2281.3,2294.4,2239.72,2291.62,24673602866.25,11331731728071.627
2022-06-08,IMOEX,2296.62,2342.69,2296.62,2318.85,33948819398.5,11466377646483.28
2022-06-09,IMOEX,2321.57,2323.39,2275.22,2293.99,24767087945.6,11343424590773.227
2022-06-10,IMOEX,2282.81,2296.1,2273.95,2285.52,22155213875.5,11301523401171.906
2022-06-14,IMOEX,2280.02,2308.43,2261.26,2289.75,30573074781.2,11322478904456.717
2022-06-15,IMOEX,2290.76,2320.4,2282.79,2318.96,31609602711.5,11466908470424.701
2022-06-16,IMOEX,2321.52,2374.24,2317.87,2369.75,35239559797.15,11718060732380.174
2022-06-17,IMOEX,2373.07,2382.49,2345.4,2353.98,21840774908.95,11255525694476.191
2022-06-20,IMOEX,2358.26,2404.4,2357.33,2404.4,34227692868.45,11496614767652.568
2022-06-21,IMOEX,2407.63,2415.59,2357.27,2358.81,47531716832.35,11278619289087.459
2022-06-22,IMOEX,2348.04,2373.52,2320.87,2373.52,43293077659.95,11348995177550.97
2022-06-23,IMOEX,2375.6,2404.54,2350.1,2404.54,48779605043.7,11497288481995.164
2022-06-24,IMOEX,2405.31,2414.02,2372.05,2391.51,32470388222.9,11435012981609.195
2022-06-27,IMOEX,2387.55,2417.06,2384.32,2417.06,32260073730.15,11557149648934.012
2022-06-28,IMOEX,2419.15,2419.81,2392.26,2408.75,43643513132.7,11517401467242.947
2022-06-29,IMOEX,2407.49,2407.49,2370.41,2378.55,39630917157.45,11373005016199.71
2022-06-30,IMOEX,2380.03,2407.2,2184.71,2204.85,112712384216.9,10534419764219.979
2022-07-01,IMOEX,2197.9,2237.92,2165.13,2206.61,51706511774.9,10542829282529.408
2022-07-04,IMOEX,2208.7,2240.83,2197.39,2204.66,39025784884.65,10533531011004.908
2022-07-05,IMOEX,2214.39,2238.73,2187.57,2226.64,46917603887.65,10638537759411.092
2022-07-06,IMOEX,2227.02,2273.24,2214.04,2221.88,42030318167.35,10615825505758.16
2022-07-07,IMOEX,2221.02,2239.59,2206.16,2226.65,29779918346.8,10638589961863.605
2022-07-08,IMOEX,2225.02,2234.55,2202.52,2222.51,22404447211.4,10618813356893.82
2022-07-11,IMOEX,2213.55,2224.35,2156.36,2162.34,30424271677.8,10331311218783.32
2022-07-12,IMOEX,2160.74,2160.74,2105.26,2133.77,33458868465.65,10194811589652.578
2022-07-13,IMOEX,2138.14,2142.51,2064.58,2073.68,28992855951.55,9907736567463.137
2022-07-14,IMOEX,2073.79,2105.61,2049.44,2063.3,25927908701.5,9858138984325.604
2022-07-15,IMOEX,2069.02,2109.52,2056.82,2109.52,24180602393.25,10078974291533.31
2022-07-18,IMOEX,2119.02,2127.96,2083.01,2096.42,21323881776.8,10016391525101.049
2022-07-19,IMOEX,2089.28,2089.28,2047.33,2071.28,23004610338.55,9896268712395.113
2022-07-20,IMOEX,2076.24,2098.92,2067.37,2075.24,25182119101.75,9915203729265.795
2022-07-21,IMOEX,2075.99,2075.99,2022.16,2053.64,27162716773.85,9811998428137.77
2022-07-22,IMOEX,2056.16,2099.68,2053.2,2096.75,24272476943.15,10017957157930.46
2022-07-25,IMOEX,2099.81,2132.75,2090.22,2128.96,28351314131.4,10171860884353.674
2022-07-26,IMOEX,2135.89,2192.42,2135.89,2192.42,35324587836.75,10475064730260.42
2022-07-27,IMOEX,2198.96,2220.82,2184.71,2196.22,35568624253.65,10493187673315.217
2022-07-28,IMOEX,2204.01,2213.21,2169.21,2189.16,27632179178.4,10459465613322.008
2022-07-29,IMOEX,2187.67,2213.81,2181.07,2213.81,25886690603.45,10577268798631.52
2022-08-01,IMOEX,2213.75,2220.73,2178.98,2180.09,34423779174.35,10416128784562.738
2022-08-02,IMOEX,2176.57,2178.81,2137.3,2137.3,27914278332.05,10211673740961.67
2022-08-03,IMOEX,2138.76,2156.54,2123.92,2123.92,26449883090.05,10147790259194.41
2022-08-04,IMOEX,2126.39,2137.83,2111.87,2116.58,22594862837.6,10112693867279.91
2022-08-05,IMOEX,2120.13,2124.6,2052.08,2054.29,36874314128.85,9815076784188.535
2022-08-08,IMOEX,2106.5,2119.41,2086.98,2088.4,27924176471.55,9978042174771.6
2022-08-09,IMOEX,2090.37,2136.8,2071.72,2136.8,26431314966.3,10209311354509.918
2022-08-10,IMOEX,2138.81,2158.87,2128.59,2151.5,27194863629.45,10279519234297.562
2022-08-11,IMOEX,2157.17,2174.9,2128.38,2133.11,29583573202.9,10191690642655.217
2022-08-12,IMOEX,2133.93,2150.9,2117.08,2147.33,21718566668.55,10259630963379.363
2022-08-15,IMOEX,2147.76,2165.75,2139.45,2165.12,22639885747.8,10344638025535.102
2022-08-16,IMOEX,2172.4,2208.33,2168.06,2208.33,27547482467.65,10551082540973.68
2022-08-17,IMOEX,2213.43,2225.05,2186.86,2188.56,28031808792.3,10456587997976.305
2022-08-18,IMOEX,2188.42,2197.92,2176.02,2194.31,19293588498.15,10484077173326.611
2022-08-19,IMOEX,2199.6,2199.6,2179.56,2195.16,19380590930.2,10488137360361.824
2022-08-22,IMOEX,2193.29,2231.22,2187.04,2228.11,25478090146.55,10645560135686.89
2022-08-23,IMOEX,2230.74,2261.59,2230.74,2260.08,34167923073.9,10798311834392.945
2022-08-24,IMOEX,2263.57,2273.65,2243.08,2248.22,25211293918.35,10741662692553.543
2022-08-25,IMOEX,2249.39,2266.18,2234.87,2246.34,24487294443.55,10732695969113.0
2022-08-26,IMOEX,2248.98,2268.89,2239.66,2268.89,18051564449.45,10840413525313.314
2022-08-29,IMOEX,2267.43,2296.33,2263.99,2296.33,26880489296.25,10971501315224.23
2022-08-30,IMOEX,2299.28,2314.53,2292.44,2306.62,50550921071.3,11020657412211.812
2022-08-31,IMOEX,2377.02,2423.12,2368.42,2400.08,102136552775.55,11467195934350.186
2022-09-01,IMOEX,2401.98,2448.5,2380.01,2445.77,56992336461.55,11685519783032.451
2022-09-02,IMOEX,2443.76,2474.71,2431.54,2471.45,63579147654.35,11808222740644.01
2022-09-05,IMOEX,2472.1,2488.44,2440.88,2488.44,45685735670.35,11889388691836.195
2022-09-06,IMOEX,2487.76,2492.15,2382.24,2425.33,64403078065.35,11587836742399.11
2022-09-07,IMOEX,2422.88,2436.64,2394.56,2401.57,39183921359.65,11474315213393.621
2022-09-08,IMOEX,2397.59,2407.39,2378.3,2390.27,33722794765.45,11420348678559.715
2022-09-09,IMOEX,2391.69,2426.81,2391.69,2426.06,30026659925.9,11591364438539.234
2022-09-12,IMOEX,2419.77,2465.22,2413.55,2449.65,35740888613.15,11704074618338.885
2022-09-13,IMOEX,2459.75,2465.55,2438.8,2446.89,28825213667.6,11690878037941.092
2022-09-14,IMOEX,2439.96,2439.96,2400.14,2435.89,34390158477.8,11638326350156.629
2022-09-15,IMOEX,2434.79,2457.02,2418.3,2446.59,35982254564.4,11689420696410.018
2022-09-16,IMOEX,2446.09,2469.02,2427.68,2435.18,39556443400.3,12005777294428.41
2022-09-19,IMOEX,2436.48,2453.03,2427.19,2430.54,26089124163.1,11982895777557.059
2022-09-20,IMOEX,2430.53,2436.3,2171.92,2215.67,128647576445.4,10923597136866.19
2022-09-21,IMOEX,2052.89,2186.43,2002.73,2130.71,79143617866.05,10504719975910.904
2022-09-22,IMOEX,2138.39,2216.85,2138.39,2190.87,69447770288.8,10801300809085.902
2022-09-23,IMOEX,2192.11,2192.68,2071.37,2089.87,56633145265.45,10303351362213.566
2022-09-26,IMOEX,2054.56,2054.56,1841.42,1933.35,85669841859.2,9531716776605.904
2022-09-27,IMOEX,1930.58,1975.32,1904.24,1953.46,52656113619.5,9630867606925.572
2022-09-28,IMOEX,1978.89,2018.99,1948.25,1963.86,49270453422.3,9682108861609.855
2022-09-29,IMOEX,1998.24,2005.8,1917.62,1953.77,42281651650.9,9632358550286.06
2022-09-30,IMOEX,1977.75,2005.21,1872.95,1957.31,100124286989.9,9649832169116.066
2022-10-03,IMOEX,1991.88,2047.54,1972.43,2041.96,44257545026.7,10067152793057.38
2022-10-04,IMOEX,2071.19,2079.67,2016.59,2046.42,46366353260.7,10089141999278.76
2022-10-05,IMOEX,2041.5,2045.62,1971.91,2029.88,53461971146.1,10007623520929.867
2022-10-06,IMOEX,2027.3,2053.86,2015.09,2020.63,35091173555.05,9961995203200.76
2022-10-07,IMOEX,2012.95,2012.95,1939.54,1944.75,41355184462.6,9587889137400.754
2022-10-10,IMOEX,1783.66,1917.91,1775.04,1916.97,56385754466.1,9450925556588.29
2022-10-11,IMOEX,1928.74,1952.8,1909.11,1949.46,31814724761.25,9611121305627.438
2022-10-12,IMOEX,1965.39,1974.59,1937.93,1951.65,27544147227.5,9621913998261.648
2022-10-13,IMOEX,1950.24,1975.84,1941.18,1955.2,25239455241.2,9639414193300.59
2022-10-14,IMOEX,1963.38,1965.77,1933.29,1950.98,23793882193.25,9618611152725.963
2022-10-17,IMOEX,1958.18,2013.61,1955.7,2012.85,32246002624.9,9923666830044.977
2022-10-18,IMOEX,2031.56,2039.67,1999.38,2032.4,33771126653.65,10020049195584.727
2022-10-19,IMOEX,1986.67,2006.06,1953.74,1978.4,35837150710.55,9753816942349.756
2022-10-20,IMOEX,1998.74,2032.58,1991.09,2025.51,35871004460.3,9986071168198.123
2022-10-21,IMOEX,2026.44,2049.0,2000.68,2043.71,35187924135.05,10075790014288.482
2022-10-24,IMOEX,2070.36,2088.31,2048.37,2063.95,32652624967.05,10175575419979.822
2022-10-25,IMOEX,2066.28,2130.65,2058.09,2130.65,42887815544.05,10504426038008.812
2022-10-26,IMOEX,2131.18,2144.56,2093.12,2120.58,42015203006.9,10454762285554.521
2022-10-27,IMOEX,2133.81,2164.64,2123.57,2164.64,41008408450.6,10672001047475.965
2022-10-28,IMOEX,2154.28,2171.88,2130.75,2167.7,43444621093.25,10687056886494.195
2022-10-31,IMOEX,2173.0,2184.38,2155.75,2166.61,31288260044.75,10681704490963.467
2022-11-01,IMOEX,2179.15,2185.6,2161.18,2174.35,21732654118.25,10719850615029.979
2022-11-02,IMOEX,2178.25,2184.89,2160.56,2173.84,22031567419.25,10717344372983.096
2022-11-03,IMOEX,2145.54,2156.78,2123.32,2155.92,25792024221.25,10629017351388.7
2022-11-07,IMOEX,2176.33,2208.78,2172.34,2208.78,41425843846.95,10889620233736.729
2022-11-08,IMOEX,2213.39,2221.13,2188.22,2207.2,37767596384.3,10881831613888.168
2022-11-09,IMOEX,2201.06,2205.92,2166.42,2166.56,32153634675.1,10681443258477.21
2022-11-10,IMOEX,2167.96,2211.21,2161.57,2210.02,50837891634.05,10895740491611.6
2022-11-11,IMOEX,2221.68,2224.97,2204.33,2217.44,35129623599.9,10932297547295.443
2022-11-14,IMOEX,2230.8,2245.9,2221.31,2244.77,39642803675.8,11067049394438.617
2022-11-15,IMOEX,2249.22,2254.94,2211.19,2223.26,36552526475.9,10960978460065.717
2022-11-16,IMOEX,2199.1,2232.83,2191.95,2227.19,29153605996.45,10980368556811.67
2022-11-17,IMOEX,2227.54,2235.76,2200.11,2212.93,24154127523.05,10910073733332.514
2022-11-18,IMOEX,2208.39,2211.7,2189.93,2206.32,19150662557.8,10877464051138.74
2022-11-21,IMOEX,2204.9,2204.9,2161.35,2166.31,28464891091.05,10680226337858.496
2022-11-22,IMOEX,2179.76,2200.06,2169.62,2196.04,21690712689.0,10826798314369.484
2022-11-23,IMOEX,2196.24,2217.4,2180.64,2211.89,32870895270.55,10904938208483.479
2022-11-24,IMOEX,2214.14,2225.92,2206.12,2210.95,20472685548.4,10900328982456.467
2022-11-25,IMOEX,2209.31,2211.1,2190.67,2195.17,18973705982.5,10822487848264.168
2022-11-28,IMOEX,2180.32,2182.16,2163.44,2177.45,25255954654.45,10735141131396.525
2022-11-29,IMOEX,2180.65,2191.44,2178.34,2185.32,21033978164.9,10773967606908.13
2022-11-30,IMOEX,2184.27,2184.27,2172.67,2174.53,15628414954.25,10720729715996.59
2022-12-01,IMOEX,2189.65,2193.41,2183.57,2187.29,20487790535.0,10783667912066.855
2022-12-02,IMOEX,2189.19,2189.35,2173.48,2180.44,22206009036.85,10749902037240.51
2022-12-05,IMOEX,2179.79,2210.7,2174.17,2208.28,36556414504.95,10887128383855.426
2022-12-06,IMOEX,2204.51,2208.36,2184.65,2196.24,22011415280.2,10827761346091.404
2022-12-07,IMOEX,2185.01,2193.71,2166.77,2192.88,27417051222.95,10811206606360.305
2022-12-08,IMOEX,2196.17,2197.77,2174.57,2184.43,22523116709.55,10769567540232.857
2022-12-09,IMOEX,2178.93,2183.97,2169.04,2177.85,16733074100.55,10737129730289.223
2022-12-12,IMOEX,2178.33,2185.49,2163.33,2173.16,19308247875.05,10713977284682.082
2022-12-13,IMOEX,2175.29,2177.95,2154.52,2174.38,24793682504.95,10720024225414.434
2022-12-14,IMOEX,2171.12,2171.31,2154.65,2159.81,20963085762.75,10648190103411.47
2022-12-15,IMOEX,2151.69,2151.69,2115.21,2126.8,30466746003.55,10485422934974.064
2022-12-16,IMOEX,2118.43,2135.79,2116.08,2132.75,19713454690.15,10392622956492.56
2022-12-19,IMOEX,2131.33,2139.07,2109.56,2129.98,30518978665.2,10379137903600.266
2022-12-20,IMOEX,2071.1,2119.37,2070.58,2119.37,34192361634.1,10327435125487.426
2022-12-21,IMOEX,2135.41,2139.49,2102.24,2116.13,30181774160.05,10311637566810.248
2022-12-22,IMOEX,2124.37,2134.48,2114.91,2122.91,22386857843.15,10344685411592.67
2022-12-23,IMOEX,2121.99,2128.27,2110.59,2124.02,17531982626.35,10350082657423.377
2022-12-26,IMOEX,2126.4,2139.78,2126.4,2139.21,21299933246.1,10424089206626.158
2022-12-27,IMOEX,2142.08,2154.35,2138.11,2150.92,21591490276.15,10481169442628.35
2022-12-28,IMOEX,2150.12,2152.47,2136.68,2139.77,18811163578.05,10426825462941.941
2022-12-29,IMOEX,2135.91,2149.94,2134.48,2147.06,15793852418.55,10462372983907.627
2022-12-30,IMOEX,2149.83,2154.47,2139.79,2154.12,16664943291.65,10496755616515.164
2023-01-03,IMOEX,2157.18,2174.23,2157.18,2172.68,12690309378.95,10587205427528.945
2023-01-04,IMOEX,2171.54,2179.56,2162.06,2168.42,11510044721.05,10566458572232.715
2023-01-05,IMOEX,2170.4,2171.94,2154.16,2156.67,9783315405.0,10509198790874.674
2023-01-06,IMOEX,2157.32,2160.08,2153.32,2156.39,7622557637.8,10507820085549.648
2023-01-09,IMOEX,2163.43,2169.71,2162.01,2163.5,18179113212.1,10542458891228.162
2023-01-10,IMOEX,2162.7,2162.92,2145.14,2159.51,14600174654.45,10523040550266.934
2023-01-11,IMOEX,2156.28,2190.4,2153.55,2186.98,35257346290.55,10656881539701.537
2023-01-12,IMOEX,2193.53,2194.8,2177.36,2185.93,21456804414.0,10651792146929.168
2023-01-13,IMOEX,2188.6,2204.18,2179.82,2199.94,27688238742.05,10720048216694.314
2023-01-16,IMOEX,2204.64,2224.9,2204.46,2224.9,27333518945.0,10841688614949.182
2023-01-17,IMOEX,2225.26,2226.49,2196.84,2196.84,31460321183.45,10704919197227.865
2023-01-18,IMOEX,2188.9,2206.66,2177.65,2196.26,24434857167.75,10702112236966.963
2023-01-19,IMOEX,2190.02,2193.93,2162.11,2168.83,25621313385.4,10568454598232.611
2023-01-20,IMOEX,2167.61,2173.71,2154.37,2166.69,18882607247.05,10558003980397.912
2023-01-23,IMOEX,2167.92,2186.85,2164.89,2185.31,23076679749.25,10648761962650.852
2023-01-24,IMOEX,2191.64,2199.29,2172.75,2172.75,29120905166.5,10587537392249.762
2023-01-25,IMOEX,2168.48,2176.61,2160.76,2170.15,22637391195.2,10574883604203.674
2023-01-26,IMOEX,2181.96,2183.77,2166.92,2166.92,22684239621.05,10559136812615.068
2023-01-27,IMOEX,2174.85,2189.35,2167.33,2189.35,22277273691.3,10668453907299.012
2023-01-30,IMOEX,2193.99,2204.41,2189.12,2204.41,25349957927.0,10741822664446.68
2023-01-31,IMOEX,2203.57,2225.6,2202.76,2225.6,33469998785.2,10845064559372.21
2023-02-01,IMOEX,2232.02,2247.12,2224.95,2230.15,39359470583.55,10867245250404.992
2023-02-02,IMOEX,2243.04,2249.56,2228.56,2243.54,32836232460.1,10932507528731.123
2023-02-03,IMOEX,2239.1,2253.7,2216.63,2248.3,43326732161.75,10955673295177.654
2023-02-06,IMOEX,2245.93,2276.5,2243.77,2272.37,41978396753.15,11072983584286.545
2023-02-07,IMOEX,2281.69,2290.51,2262.3,2267.69,41070831270.9,11050187894740.611
2023-02-08,IMOEX,2273.59,2283.49,2244.52,2251.97,36352162036.05,10973575269332.123
2023-02-09,IMOEX,2258.97,2269.96,2241.02,2262.45,36719582060.2,11024649435793.713
2023-02-10,IMOEX,2253.51,2264.39,2249.62,2261.58,20751973737.05,11020407599288.334
2023-02-13,IMOEX,2262.65,2271.0,2261.37,2264.27,18435819331.55,11033517487915.928
2023-02-14,IMOEX,2256.59,2256.96,2225.94,2232.23,31061645096.45,10877398728837.654
2023-02-15,IMOEX,2216.69,2216.69,2164.7,2166.46,42803893942.3,10556883576236.904
2023-02-16,IMOEX,2169.39,2186.64,2150.17,2153.96,33206834832.25,10495994556321.363
2023-02-17,IMOEX,2157.5,2180.96,2147.31,2168.88,23626925959.6,10568687698962.19
2023-02-20,IMOEX,2172.53,2186.39,2140.78,2183.57,30085172953.75,10640295300486.303
2023-02-21,IMOEX,2184.6,2227.82,2184.51,2212.42,49606379523.4,10780858074287.146
2023-02-22,IMOEX,2215.43,2215.58,2194.99,2212.4,20589616471.8,10780749742243.527
2023-02-24,IMOEX,2209.1,2223.23,2202.25,2208.03,18979268125.35,10759460032750.664
2023-02-27,IMOEX,2194.39,2241.1,2188.95,2241.1,36711171319.1,10920618826848.03
2023-02-28,IMOEX,2246.26,2258.68,2239.59,2253.16,37023209047.6,10979355635977.969
2023-03-01,IMOEX,2258.89,2287.48,2255.45,2279.65,40016502886.95,11108451128038.91
2023-03-02,IMOEX,2284.87,2286.27,2235.43,2254.3,50749873558.3,10984952404565.182
2023-03-03,IMOEX,2250.12,2273.52,2249.81,2272.2,26705003484.35,11072154215669.865
2023-03-06,IMOEX,2286.2,2297.86,2283.4,2294.12,33614803020.6,11178962340377.379
2023-03-07,IMOEX,2294.32,2298.93,2281.46,2295.6,24580193073.35,11186173839517.635
2023-03-09,IMOEX,2295.03,2302.1,2278.95,2290.14,28764398015.85,11159571490689.105
2023-03-10,IMOEX,2272.61,2283.18,2266.33,2276.25,28442547978.2,11091901803830.39
2023-03-13,IMOEX,2279.13,2289.7,2250.14,2269.47,40590100977.2,11058855621302.031
2023-03-14,IMOEX,2266.78,2290.32,2261.65,2290.32,37222691640.25,11160464327692.61
2023-03-15,IMOEX,2287.16,2295.06,2257.0,2262.07,40845107270.85,11022789915156.773
2023-03-16,IMOEX,2262.61,2269.01,2236.77,2258.22,35593046390.65,11004052137089.344
2023-03-17,IMOEX,2284.78,2322.78,2275.48,2322.78,108087768758.2,7935349693970.64
2023-03-20,IMOEX,2337.83,2397.16,2332.8,2397.16,84163284261.5,8189441143720.659
2023-03-21,IMOEX,2417.43,2431.23,2383.08,2398.15,74773280093.7,8192841415556.104
2023-03-22,IMOEX,2387.81,2398.76,2374.46,2393.88,34290916792.5,8178232878410.135
2023-03-23,IMOEX,2386.7,2396.5,2379.88,2388.35,23579664336.45,8159345333959.226
2023-03-24,IMOEX,2386.53,2394.03,2384.29,2391.53,20820009237.3,8170228025027.408
2023-03-27,IMOEX,2400.84,2440.68,2400.84,2440.68,47214135240.05,8338117608274.008
2023-03-28,IMOEX,2453.26,2458.37,2421.39,2442.19,41688810661.95,8343302896928.429
2023-03-29,IMOEX,2449.96,2468.48,2437.52,2460.87,45339433902.8,8407099977253.9375
2023-03-30,IMOEX,2458.06,2467.97,2450.46,2465.93,29588518563.9,8424380969518.016
2023-03-31,IMOEX,2470.12,2472.53,2424.45,2450.67,49152762590.45,8372244778665.914
2023-04-03,IMOEX,2474.37,2482.54,2463.0,2473.32,48168034560.8,8449627938621.639
2023-04-04,IMOEX,2483.47,2511.49,2479.24,2480.45,61460346597.1,8474001632745.146
2023-04-05,IMOEX,2489.18,2500.8,2465.77,2500.8,46265010869.7,8543521770824.511
2023-04-06,IMOEX,2504.06,2521.81,2498.3,2498.3,43371731593.55,8534971155098.495
2023-04-07,IMOEX,2504.04,2511.95,2491.37,2508.39,28962641538.35,8569461305478.541
2023-04-10,IMOEX,2523.2,2548.41,2523.2,2547.35,51000274967.7,8702556348712.406
2023-04-11,IMOEX,2560.04,2577.51,2515.83,2533.69,82411991848.0,8655864737269.311
2023-04-12,IMOEX,2538.62,2554.77,2520.65,2538.47,39292795917.3,8672197132884.994
2023-04-13,IMOEX,2546.98,2557.58,2528.06,2544.28,31298785613.0,8692051960940.603
2023-04-14,IMOEX,2546.93,2554.85,2532.39,2554.85,33758690384.55,8728164435667.444
2023-04-17,IMOEX,2572.54,2596.45,2572.54,2596.11,48786704257.95,8869127748679.992
2023-04-18,IMOEX,2601.34,2615.62,2586.05,2615.62,55299787219.85,8935788810793.18
2023-04-19,IMOEX,2617.91,2629.01,2584.96,2606.55,75124691893.3,8904802337912.73
2023-04-20,IMOEX,2600.71,2640.78,2565.61,2637.85,75946446478.25,9011733043074.742
2023-04-21,IMOEX,2640.99,2648.21,2626.94,2639.95,57200329084.4,9018902140440.143
2023-04-24,IMOEX,2636.76,2651.8,2609.4,2635.43,39712592822.4,9003442698911.377
2023-04-25,IMOEX,2639.67,2642.12,2619.67,2626.86,32157208711.0,8974193352924.018
2023-04-26,IMOEX,2625.62,2631.13,2614.98,2620.33,31901400374.2,8951881915601.342
2023-04-27,IMOEX,2620.65,2646.18,2617.04,2646.18,58564323144.4,9040168917242.803
2023-04-28,IMOEX,2653.93,2657.9,2608.02,2634.94,51130716753.3,9001797276234.36
2023-05-02,IMOEX,2623.29,2635.53,2560.09,2580.51,63970845685.6,8815844494102.053
2023-05-03,IMOEX,2585.4,2586.17,2532.42,2532.42,54409373737.95,8651535406895.707
2023-05-04,IMOEX,2524.97,2547.2,2524.36,2524.51,38680596602.8,8624513934872.599
2023-05-05,IMOEX,2544.47,2555.39,2529.08,2538.24,35453025873.55,8671416417383.243
2023-05-08,IMOEX,2528.74,2538.23,2513.84,2527.59,20351667294.1,8635050018100.714
2023-05-10,IMOEX,2483.92,2556.67,2483.79,2548.63,70959379219.55,8706903653594.126
2023-05-11,IMOEX,2573.41,2610.8,2567.98,2595.12,74640203057.4,8865744021694.139
2023-05-12,IMOEX,2570.65,2584.91,2552.05,2565.17,37663735250.9,8763415222831.624
2023-05-15,IMOEX,2581.64,2611.71,2581.64,2611.07,43944338845.4,8920221047703.252
2023-05-16,IMOEX,2645.94,2655.73,2621.59,2633.71,42646373333.2,8997572326944.398
2023-05-17,IMOEX,2637.51,2646.61,2623.15,2634.48,38940434444.55,9000220076797.857
2023-05-18,IMOEX,2650.12,2658.57,2624.49,2632.91,59453341862.7,8994854789119.396
2023-05-19,IMOEX,2627.59,2635.8,2612.47,2626.16,58915837809.3,8971781184450.158
2023-05-22,IMOEX,2648.3,2652.97,2622.35,2633.26,47631848454.95,8996037401195.492
2023-05-23,IMOEX,2641.05,2648.69,2607.63,2641.66,71936165173.9,9024722774262.549
2023-05-24,IMOEX,2643.73,2659.68,2626.43,2654.99,71756125244.55,9070274296777.79
2023-05-25,IMOEX,2662.85,2663.51,2631.03,2649.98,66820699399.05,9053152168795.559
2023-05-26,IMOEX,2650.38,2685.14,2645.54,2682.03,52536425210.15,9162654927672.277
2023-05-29,IMOEX,2697.46,2732.0,2697.46,2732.0,66140079776.4,9333368855282.045
2023-05-30,IMOEX,2712.04,2748.6,2687.81,2698.75,90132343989.3,9219768650538.469
2023-05-31,IMOEX,2698.11,2718.27,2676.27,2717.64,58274293697.45,9284327020498.482
2023-06-01,IMOEX,2720.21,2729.97,2709.33,2721.73,43398021905.95,9298269452143.707
2023-06-02,IMOEX,2684.59,2720.47,2684.59,2719.48,66776774006.3,9290589423429.295
2023-06-05,IMOEX,2726.17,2738.82,2679.3,2694.14,76307627682.0,9204024197182.428
2023-06-06,IMOEX,2667.76,2687.41,2628.0,2681.25,76433900154.6,9159979595835.943
2023-06-07,IMOEX,2690.94,2711.72,2674.11,2694.69,55873417951.1,9205918537143.348
2023-06-08,IMOEX,2693.6,2709.69,2688.31,2709.69,38267334626.35,9257156736574.223
2023-06-09,IMOEX,2717.2,2721.84,2705.24,2708.04,39244085182.5,9251523984352.562
2023-06-13,IMOEX,2715.31,2757.28,2715.15,2757.28,52360263412.3,9419721570147.533
2023-06-14,IMOEX,2777.2,2786.06,2758.35,2765.18,59477469249.1,9446719969501.215
2023-06-15,IMOEX,2776.77,2809.42,2764.89,2800.17,70674603849.85,9566264499751.965
2023-06-16,IMOEX,2809.28,2813.74,2783.71,2800.79,46090977475.15,4738859359217.227
2023-06-19,IMOEX,2808.04,2816.57,2783.69,2815.07,67392787319.35,4763027512304.512
2023-06-20,IMOEX,2810.14,2814.72,2778.0,2803.69,57147026333.9,4743757952004.38
2023-06-21,IMOEX,2808.87,2821.88,2794.68,2819.3,45230035006.2,4770175076451.366
2023-06-22,IMOEX,2817.3,2820.43,2805.92,2815.83,34384928911.25,4764308220234.469
2023-06-23,IMOEX,2790.04,2795.06,2767.82,2795.06,44229380378.2,4729161973561.322
2023-06-26,IMOEX,2771.52,2784.28,2741.33,2757.13,55763545917.45,4664994106799.458
2023-06-27,IMOEX,2759.61,2785.33,2743.07,2776.63,54247868187.05,4697973270827.252
2023-06-28,IMOEX,2781.1,2787.52,2766.93,2780.92,50203546474.6,4705242787362.096
2023-06-29,IMOEX,2790.27,2804.8,2783.53,2796.41,45359611884.85,4731448880638.698
2023-06-30,IMOEX,2796.0,2800.12,2779.61,2797.37,43918551469.5,4733068796580.252
2023-07-03,IMOEX,2795.58,2804.93,2790.81,2793.93,53480309453.55,4727249686411.1455
2023-07-04,IMOEX,2798.02,2808.22,2776.79,2808.22,50001620295.6,4751430771146.655
2023-07-05,IMOEX,2795.4,2813.76,2795.4,2805.0,40919409057.8,4745984021104.531
2023-07-06,IMOEX,2816.74,2837.49,2813.38,2819.6,49025725832.85,4770680750352.894
2023-07-07,IMOEX,2823.89,2832.82,2814.38,2832.51,35233849809.0,4792518982642.536
2023-07-10,IMOEX,2838.85,2864.32,2838.52,2856.76,87970608406.8,4833551248522.429
2023-07-11,IMOEX,2865.64,2867.36,2851.01,2860.33,54684261681.0,4839595569306.842
2023-07-12,IMOEX,2870.61,2897.28,2870.61,2896.83,49227664370.65,4901349033822.364
2023-07-13,IMOEX,2899.98,2912.15,2873.0,2885.63,49847140055.9,4882410960163.515
2023-07-14,IMOEX,2882.96,2902.72,2874.44,2902.72,39987004923.45,4911321887694.782
2023-07-17,IMOEX,2889.09,2917.72,2880.11,2917.61,53443542845.8,4936517200086.075
2023-07-18,IMOEX,2923.69,2955.81,2922.74,2954.52,77193330616.55,4998963912615.454
2023-07-19,IMOEX,2959.41,2966.72,2938.66,2943.43,58857210252.15,4980208586339.249
2023-07-20,IMOEX,2947.08,2947.29,2905.02,2917.48,61399540098.3,4936299090560.963
2023-07-21,IMOEX,2890.45,2925.54,2889.78,2923.54,45191958198.35,4946551493816.755
2023-07-24,IMOEX,2929.23,2947.17,2925.1,2937.47,44299432857.5,4970121851008.76
2023-07-25,IMOEX,2948.87,2975.36,2943.74,2975.36,53262100574.35,5034229551851.691
2023-07-26,IMOEX,2974.21,2982.47,2954.9,2970.42,56856463588.0,5025871187596.713
2023-07-27,IMOEX,2975.52,2992.47,2975.52,2987.85,62041044277.65,5055353059388.515
2023-07-28,IMOEX,2986.35,3008.61,2978.12,3008.61,52041795977.65,5090485771527.836
2023-07-31,IMOEX,3026.93,3073.5,3026.93,3073.5,97511677780.55,5200271474367.244
2023-08-01,IMOEX,3085.97,3114.56,3055.25,3093.64,103557085530.9,5234349805700.343
2023-08-02,IMOEX,3096.72,3123.45,3080.63,3106.46,67996962269.65,5256039252737.304
2023-08-03,IMOEX,3111.7,3150.28,3094.27,3147.8,90891719857.2,5325989576763.994
2023-08-04,IMOEX,3158.53,3194.83,3073.69,3092.44,150969000582.9,5232317899474.792
2023-08-07,IMOEX,3120.54,3153.6,3084.08,3084.08,72453714916.85,5218172691588.235
2023-08-08,IMOEX,3077.63,3092.54,3026.72,3085.31,76068844687.75,5220251448925.098
2023-08-09,IMOEX,3106.03,3120.25,3083.77,3099.52,52718489763.7,5244292539758.615
2023-08-10,IMOEX,3122.06,3148.86,3115.85,3148.86,76284260011.95,5327779853384.839
2023-08-11,IMOEX,3158.59,3163.47,3138.04,3155.51,58933369741.8,5339034073516.603
2023-08-14,IMOEX,3186.47,3225.78,3117.31,3131.0,145236568216.0,5297560101039.902
2023-08-15,IMOEX,3083.32,3163.74,3068.66,3115.25,101365702525.95,5270913131200.26
2023-08-16,IMOEX,3109.46,3122.34,3015.57,3049.46,102092119719.0,5159604832341.3545
2023-08-17,IMOEX,3069.81,3076.31,3031.73,3059.02,58197839880.9,5175769346615.465
2023-08-18,IMOEX,3077.78,3111.22,3058.01,3111.22,52548201795.55,5264090099784.248
2023-08-21,IMOEX,3139.29,3150.61,3122.37,3139.93,67735783243.5,5312674132644.542
2023-08-22,IMOEX,3146.42,3172.3,3124.19,3164.25,83064853846.2,5353829220439.259
2023-08-23,IMOEX,3180.39,3184.17,3113.24,3146.2,77548993173.5,5323273853372.18
2023-08-24,IMOEX,3117.02,3137.37,3108.17,3137.37,40282143311.7,5308334139913.914
2023-08-25,IMOEX,3150.03,3158.61,3132.07,3157.33,39505389067.35,5342117477786.839
2023-08-28,IMOEX,3161.36,3202.24,3161.36,3198.72,63409284339.85,5412142718592.657
2023-08-29,IMOEX,3205.06,3218.4,3191.31,3211.36,83871175803.25,5433525831489.043
2023-08-30,IMOEX,3214.11,3220.85,3193.18,3212.68,71358246002.45,5435771047190.006
2023-08-31,IMOEX,3218.48,3234.68,3211.94,3227.99,69633845179.8,5461661509338.318
2023-09-01,IMOEX,3230.53,3232.92,3214.95,3231.35,54848329183.4,5467360722339.207
2023-09-04,IMOEX,3242.49,3268.97,3242.4,3268.97,79115006708.75,5531002292709.732
2023-09-05,IMOEX,3273.39,3287.34,3246.46,3264.43,69983337336.7,5523327191852.811
2023-09-06,IMOEX,3270.84,3270.84,3236.79,3245.47,61766334286.2,5491236816324.359
2023-09-07,IMOEX,3247.9,3262.73,3145.25,3169.07,110748686130.0,5361974494326.907
2023-09-08,IMOEX,3178.44,3188.77,3114.39,3142.88,73021984581.6,5317671193499.88
2023-09-11,IMOEX,3145.26,3153.61,3106.92,3122.37,69351105559.2,5282960779898.627
2023-09-12,IMOEX,3118.14,3165.92,3117.7,3165.92,63830695936.8,5356651819452.829
2023-09-13,IMOEX,3189.08,3191.57,3148.32,3148.32,49516509449.0,5326866736899.436
2023-09-14,IMOEX,3144.29,3148.5,3072.82,3139.49,76786367100.8,5311921357187.852
2023-09-15,IMOEX,3126.57,3155.45,3116.72,3152.53,54277283310.25,5333993182700.523
2023-09-18,IMOEX,3165.06,3177.23,3127.37,3135.18,56641551167.95,5304628437151.361
2023-09-19,IMOEX,3134.37,3141.38,3054.25,3083.85,91514235959.0,5217779374138.759
2023-09-20,IMOEX,3061.18,3091.05,3013.75,3068.15,90455495666.3,5191227158029.654
2023-09-21,IMOEX,3058.2,3062.68,3009.89,3019.22,75859453170.35,5108429495442.17
2023-09-22,IMOEX,3009.87,3051.69,2988.04,3049.07,70583117751.2,5323556829348.229
2023-09-25,IMOEX,3051.85,3056.23,3025.89,3045.39,43799332389.75,5317136779205.928
2023-09-26,IMOEX,3034.23,3051.91,3001.92,3051.91,52669899315.15,5328518265164.202
2023-09-27,IMOEX,3053.37,3081.41,3052.59,3067.61,46210933651.7,5355928470361.438
2023-09-28,IMOEX,3080.81,3108.07,3076.64,3108.07,51682474548.1,5426578247609.236
2023-09-29,IMOEX,3121.07,3141.12,3106.97,3133.26,66288609362.75,5470552131415.018
2023-10-02,IMOEX,3141.69,3162.53,3125.58,3132.33,68632430521.25,5468928721006.391
2023-10-03,IMOEX,3134.45,3146.33,3103.63,3143.88,51722739274.15,5489091613609.438
2023-10-04,IMOEX,3138.62,3154.97,3130.03,3134.25,43951700148.25,5472279158037.809
2023-10-05,IMOEX,3126.71,3138.5,3112.96,3131.76,41598507645.55,5467923071383.402
2023-10-06,IMOEX,3138.87,3145.01,3121.0,3144.89,39498958223.9,5490856571588.917
2023-10-09,IMOEX,3166.21,3185.86,3164.63,3174.02,56663325565.05,5541715289179.824
2023-10-10,IMOEX,3175.08,3182.08,3162.61,3177.03,39536045222.55,5546971718048.182
2023-10-11,IMOEX,3174.99,3196.44,3168.29,3194.12,66537284095.4,5576805480736.107
2023-10-12,IMOEX,3130.04,3178.5,3122.58,3174.66,62686809843.5,5542831080332.738
2023-10-13,IMOEX,3182.47,3195.23,3176.17,3192.33,50282533196.45,5573678893522.412
2023-10-16,IMOEX,3204.81,3235.66,3202.94,3234.78,65853279415.65,5647802341404.739
2023-10-17,IMOEX,3239.37,3252.55,3228.11,3247.15,72231692204.35,5669395635284.174
2023-10-18,IMOEX,3252.31,3262.54,3225.44,3249.21,81213914737.85,5672996892628.862
2023-10-19,IMOEX,3245.26,3260.45,3232.16,3255.16,57371834112.9,5683377276849.529
2023-10-20,IMOEX,3257.85,3269.71,3236.31,3269.27,69952835836.6,5708010387110.1
2023-10-23,IMOEX,3271.76,3283.8,3248.39,3263.68,67528634796.15,5698261326823.171
2023-10-24,IMOEX,3256.29,3266.59,3237.08,3265.01,57858122995.95,5700586103610.704
2023-10-25,IMOEX,3265.18,3269.76,3243.25,3265.28,59152443940.2,5701057333808.834
2023-10-26,IMOEX,3272.71,3283.49,3221.79,3223.89,78078874145.6,5628781750656.112
2023-10-27,IMOEX,3219.49,3241.55,3185.84,3224.18,71864096635.45,5629289584718.82
2023-10-30,IMOEX,3232.82,3246.0,3219.7,3227.07,46028692095.7,5634346522497.055
2023-10-31,IMOEX,3221.08,3226.88,3176.53,3200.97,51194409596.6,5588767288266.618
2023-11-01,IMOEX,3192.96,3214.83,3191.34,3206.52,34173972609.55,5598464580526.785
2023-11-02,IMOEX,3216.92,3228.46,3197.22,3197.22,44725565876.95,5582226246898.693
2023-11-03,IMOEX,3207.04,3212.81,3182.17,3208.63,45527115236.0,5602136158947.2705
2023-11-06,IMOEX,3207.47,3237.09,3207.1,3235.11,34621931434.3,5648379370825.062
2023-11-07,IMOEX,3239.98,3246.65,3228.46,3246.34,43761541279.6,5667978715005.85
2023-11-08,IMOEX,3238.81,3257.32,3233.11,3245.43,51717129125.9,5666398950959.529
2023-11-09,IMOEX,3241.5,3245.11,3222.34,3239.92,41676218574.1,5656769093905.419
2023-11-10,IMOEX,3236.03,3246.31,3229.1,3242.06,45648433667.5,5660505429387.925
2023-11-13,IMOEX,3241.31,3251.74,3235.06,3248.27,46210068912.2,5671349389796.32
2023-11-14,IMOEX,3236.48,3236.48,3192.32,3212.39,60536270231.15,5608701701916.549
2023-11-15,IMOEX,3195.43,3221.22,3182.78,3215.11,51510619170.35,5613451151260.904
2023-11-16,IMOEX,3209.33,3215.93,3184.97,3189.08,38042327235.65,5568012725173.974
2023-11-17,IMOEX,3172.78,3208.17,3151.95,3206.34,48876695171.45,5598143313412.698
2023-11-20,IMOEX,3205.73,3216.73,3194.4,3207.36,39389218372.35,5599920181102.419
2023-11-21,IMOEX,3198.73,3219.11,3193.46,3218.48,43450662035.45,5619341569310.497
2023-11-22,IMOEX,3221.9,3239.17,3220.37,3230.65,54706914415.9,5640581686773.74
2023-11-23,IMOEX,3233.09,3238.81,3218.72,3221.05,38576759503.2,5623834730994.282
2023-11-24,IMOEX,3223.75,3231.77,3203.62,3217.76,48043285163.85,5618079934434.0
2023-11-27,IMOEX,3220.25,3224.61,3178.2,3191.05,71973813282.4,5571442485081.3125
2023-11-28,IMOEX,3189.16,3197.61,3157.55,3196.36,54632481094.0,5580725404035.617
2023-11-29,IMOEX,3196.75,3200.33,3173.37,3173.52,45015233407.45,5540837741801.6
2023-11-30,IMOEX,3176.5,3176.53,3146.53,3165.79,50537955023.75,5527346613423.446
2023-12-01,IMOEX,3155.87,3162.97,3136.56,3142.29,40584354460.75,5486310253735.887
2023-12-04,IMOEX,3123.18,3126.55,3096.28,3114.41,49061478048.15,5437640351876.735
2023-12-05,IMOEX,3102.3,3134.57,3090.31,3129.33,42213609509.25,5463693807824.458
2023-12-06,IMOEX,3139.89,3146.52,3077.94,3079.5,59384099103.9,5376695722186.412
2023-12-07,IMOEX,3065.93,3084.5,3041.11,3073.63,60418731501.35,5366439495958.056
2023-12-08,IMOEX,3079.88,3100.22,3067.46,3079.99,34691761303.6,5377547593213.317
2023-12-11,IMOEX,3081.88,3082.3,3025.74,3026.17,69692755380.7,5283569452511.662
2023-12-12,IMOEX,3020.61,3046.81,2992.5,3019.89,61976749445.1,5272615121320.21
2023-12-13,IMOEX,3011.99,3043.42,3002.38,3032.22,33872208220.5,5294133688593.025
2023-12-14,IMOEX,3046.43,3057.08,3005.94,3008.84,38101096671.2,5253318040220.465
2023-12-15,IMOEX,2959.29,3037.29,2959.29,3033.89,72542573400.3,5297060005191.916
2023-12-18,IMOEX,3052.14,3090.04,3048.82,3076.26,61960968092.0,5371039198059.574
2023-12-19,IMOEX,3084.12,3091.26,3066.34,3083.64,50806028979.9,5383913425937.462
2023-12-20,IMOEX,3091.35,3113.92,3088.74,3104.66,53334930887.35,5420619260098.093
2023-12-21,IMOEX,3093.46,3095.01,3050.0,3073.57,58423925406.6,5366334062577.679
2023-12-22,IMOEX,3076.31,3102.75,3075.56,3092.58,59800876920.32,5477116475561.413
2023-12-25,IMOEX,3095.42,3108.14,3086.89,3099.02,65851286285.35,5488526366481.734
2023-12-26,IMOEX,3090.39,3098.69,3080.92,3094.72,46286441430.6,5480899165863.648
2023-12-27,IMOEX,3100.99,3112.19,3097.31,3097.49,50134780900.32,5485801054700.088
2023-12-28,IMOEX,3099.56,3101.99,3081.98,3101.99,50308124032.2,5493782245578.1875
2023-12-29,IMOEX,3092.66,3102.08,3086.26,3099.11,33360963641.32,5488668725053.1455
2024-01-03,IMOEX,3099.78,3132.76,3099.1,3130.23,25999773751.67,5543796692844.549
2024-01-04,IMOEX,3140.66,3144.25,3133.93,3136.07,22880636623.45,5554128976420.323
2024-01-05,IMOEX,3138.27,3142.8,3128.16,3136.37,20822444164.74,5554667961113.862
2024-01-08,IMOEX,3140.12,3158.82,3139.37,3158.58,35541931860.41,5594008565482.104
2024-01-09,IMOEX,3156.17,3158.72,3143.03,3155.55,49269572379.41,5588634449488.357
2024-01-10,IMOEX,3158.35,3174.28,3156.44,3164.7,42849987789.07,5604837885383.418
2024-01-11,IMOEX,3158.3,3181.25,3148.5,3181.25,75731238106.29,5634154202843.258
2024-01-12,IMOEX,3182.5,3196.98,3176.09,3185.22,54148316321.9,5641181909833.32
2024-01-15,IMOEX,3190.62,3200.78,3176.73,3184.88,50735907185.46,5640583716303.106
2024-01-16,IMOEX,3186.77,3187.14,3162.98,3179.45,50278982619.43,5630959078278.115
2024-01-17,IMOEX,3174.87,3189.26,3169.99,3185.23,47074341522.51,5641203231938.323
2024-01-18,IMOEX,3188.71,3193.54,3176.72,3178.85,43119055602.56,5629902520189.194
2024-01-19,IMOEX,3176.13,3179.21,3154.46,3166.37,45854909733.92,5607804469204.084
2024-01-22,IMOEX,3161.44,3179.11,3157.37,3172.15,42130512576.53,5618035146320.089
2024-01-23,IMOEX,3176.19,3179.75,3166.66,3175.74,45044845848.28,5624395247113.407
2024-01-24,IMOEX,3176.59,3183.7,3152.96,3162.41,46503277369.16,5600788948314.603
2024-01-25,IMOEX,3163.36,3166.95,3143.89,3157.74,45461201946.99,5592514271956.743
2024-01-26,IMOEX,3164.55,3171.95,3157.76,3163.21,45979583256.1,5602204510666.4375
2024-01-29,IMOEX,3169.57,3184.15,3169.57,3176.61,46667512330.43,5625939533541.791
2024-01-30,IMOEX,3181.75,3196.15,3178.82,3196.08,71884614820.82,5660407726997.055
2024-01-31,IMOEX,3201.48,3219.41,3198.83,3214.19,62393378068.08,5692494205390.25
2024-02-01,IMOEX,3220.43,3233.21,3220.38,3229.89,56072080314.88,5720290217428.503
2024-02-02,IMOEX,3229.48,3232.35,3215.0,3226.35,58221436623.55,5714033262411.888
2024-02-05,IMOEX,3218.91,3232.38,3218.91,3226.79,79772720557.48,5714807505067.155
2024-02-06,IMOEX,3234.44,3238.4,3228.78,3238.4,47381481665.38,5735360498505.155
2024-02-07,IMOEX,3240.57,3259.24,3240.16,3256.58,71996364667.13,5767571688331.713
2024-02-08,IMOEX,3261.18,3266.45,3236.79,3241.81,93017428633.36,5741398037305.686
2024-02-09,IMOEX,3231.3,3242.38,3219.56,3242.38,49774764900.27,5742421428645.331
2024-02-12,IMOEX,3241.57,3248.5,3227.7,3248.5,53148275940.8,5753248815460.826
2024-02-13,IMOEX,3250.3,3259.69,3245.02,3254.6,61252409706.73,5764057512485.212
2024-02-14,IMOEX,3261.52,3267.88,3251.76,3258.14,61011261936.57,5770322878463.906
2024-02-15,IMOEX,3249.78,3265.83,3238.83,3265.63,59605264673.06,5783595208551.983
2024-02-16,IMOEX,3269.84,3275.23,3236.42,3242.48,75952339426.53,5742584761272.7705
2024-02-19,IMOEX,3247.46,3253.02,3234.1,3244.56,53050781619.74,5746268980190.182
2024-02-20,IMOEX,3236.85,3237.34,3206.07,3207.49,64739998498.75,5680617161673.282
2024-02-21,IMOEX,3173.01,3185.8,3135.8,3139.5,105014105685.64,5560209822236.112
2024-02-22,IMOEX,3152.75,3166.86,3141.88,3142.3,66954855491.29,5565171502532.843
2024-02-26,IMOEX,3186.06,3213.17,3186.06,3213.17,69530002768.27,5690685725308.576
2024-02-27,IMOEX,3220.26,3224.52,3203.58,3208.99,55160994984.57,5674890851090.484
2024-02-28,IMOEX,3215.53,3240.29,3213.36,3227.05,61902884647.06,5706818346428.266
2024-02-29,IMOEX,3233.03,3258.14,3224.09,3256.8,50717302607.49,5759439640918.258
2024-03-01,IMOEX,3259.0,3269.28,3249.69,3266.66,59649504551.0,5776877292837.549
2024-03-04,IMOEX,3278.01,3298.63,3277.85,3296.75,86678820262.54,5830086112099.29
2024-03-05,IMOEX,3305.79,3312.41,3283.59,3300.89,66185929581.91,5837396927995.152
2024-03-06,IMOEX,3298.86,3318.14,3289.25,3310.58,49425403549.9,5854540658964.04
2024-03-07,IMOEX,3309.31,3317.73,3303.93,3315.68,42342887170.98,5863561274249.717
2024-03-11,IMOEX,3329.72,3340.37,3318.9,3320.31,63702584994.11,5871744458868.825
2024-03-12,IMOEX,3320.18,3335.41,3304.49,3332.6,54192454895.39,5893473213458.932
2024-03-13,IMOEX,3337.56,3343.56,3317.19,3320.68,60223172466.69,5872394696712.552
2024-03-14,IMOEX,3314.66,3318.49,3287.86,3297.0,69642224630.18,5830518802391.756
2024-03-15,IMOEX,3295.15,3313.42,3292.13,3300.07,49159051514.11,5835956144620.673
2024-03-18,IMOEX,3305.67,3313.05,3292.0,3296.3,87440343638.56,5829290769223.245
2024-03-19,IMOEX,3293.93,3303.52,3254.3,3264.97,126000973325.8,5773872854885.664
2024-03-20,IMOEX,3268.87,3286.72,3257.72,3267.1,137291165836.83,5777654594703.682
2024-03-21,IMOEX,3286.75,3297.46,3259.03,3286.69,108017217102.03,5812294536703.006
2024-03-22,IMOEX,3289.28,3299.19,3260.39,3273.49,88262062537.11,5775456769183.587
2024-03-25,IMOEX,3251.24,3281.63,3234.95,3281.63,71511600961.75,5789816537986.542
2024-03-26,IMOEX,3286.2,3291.0,3275.8,3285.54,59783293439.42,5796714472247.227
2024-03-27,IMOEX,3291.7,3304.09,3280.03,3304.09,51422673944.24,5829443069275.102
2024-03-28,IMOEX,3308.26,3313.59,3301.52,3312.77,61649303454.67,5844767342306.703
2024-03-29,IMOEX,3313.17,3332.53,3305.22,3332.53,59294620380.39,5879631533134.569
2024-04-01,IMOEX,3343.66,3367.34,3343.66,3363.29,101013487719.6,5933899665827.175
2024-04-02,IMOEX,3369.32,3375.69,3357.55,3371.29,80210555236.1,5948018068188.036
2024-04-03,IMOEX,3381.95,3397.33,3376.63,3395.59,86023975807.27,5990890133319.0205
2024-04-04,IMOEX,3399.81,3409.62,3392.06,3407.57,80827897828.97,6012013237287.106
2024-04-05,IMOEX,3393.2,3401.16,3385.42,3395.37,59263336534.39,5990502483734.417
2024-04-08,IMOEX,3400.82,3423.35,3400.82,3417.38,72360399146.1,6029329275303.766
2024-04-09,IMOEX,3423.41,3441.18,3408.99,3414.26,84388299086.8,6023820734311.044
2024-04-10,IMOEX,3424.75,3440.03,3405.46,3439.11,68204100239.98,6067659667641.639
2024-04-11,IMOEX,3442.84,3455.61,3431.18,3439.53,53525607759.33,6068405796074.9795
2024-04-12,IMOEX,3448.6,3464.0,3446.79,3456.24,63944927459.55,6097892530647.947
2024-04-15,IMOEX,3456.38,3476.98,3454.06,3472.19,74215544275.99,6126033832083.646
2024-04-16,IMOEX,3478.02,3479.04,3459.45,3462.94,66353162008.45,6109716852026.842
2024-04-17,IMOEX,3469.57,3476.72,3443.07,3454.07,67369551423.54,6094058831272.812
2024-04-18,IMOEX,3451.37,3457.46,3436.95,3455.82,56908603957.8,6097149770512.594
2024-04-19,IMOEX,3458.86,3475.13,3451.48,3470.88,54079516423.77,6123724939813.902
2024-04-22,IMOEX,3468.09,3480.21,3460.58,3479.17,82859286926.77,6138350247110.228
2024-04-23,IMOEX,3483.26,3487.55,3436.83,3439.42,97852906259.59,6068213993233.173
2024-04-24,IMOEX,3438.45,3445.67,3423.17,3428.93,59540956724.47,6049705341672.139
2024-04-25,IMOEX,3429.62,3443.74,3427.02,3439.76,47461288356.07,6068809203366.624
2024-04-26,IMOEX,3446.39,3459.12,3438.06,3449.77,52160044316.96,6086474883657.401
2024-04-27,IMOEX,3453.63,3467.23,3453.4,3465.85,49604766719.62,6114847633427.517
2024-04-29,IMOEX,3468.92,3480.47,3467.25,3478.08,31730535756.28,6136422166670.123
2024-04-30,IMOEX,3481.29,3486.3,3464.86,3469.83,25464035843.12,6121869033023.124
2024-05-02,IMOEX,3470.87,3477.42,3439.58,3442.83,56777352917.19,6074221601871.074
2024-05-03,IMOEX,3443.49,3450.43,3424.63,3441.77,49713350092.54,6072366944742.428
2024-05-06,IMOEX,3441.7,3444.11,3418.47,3436.05,68474003787.1,6062269340351.875
2024-05-07,IMOEX,3405.82,3428.37,3405.82,3427.61,62217301713.07,6047370457422.31
2024-05-08,IMOEX,3431.84,3438.75,3430.1,3432.54,50959000936.27,6056080535056.872
2024-05-10,IMOEX,3438.5,3452.33,3438.5,3449.78,30875827113.66,6086493563201.319
2024-05-13,IMOEX,3459.05,3465.62,3448.5,3457.11,62379274951.03,6099430556008.498
2024-05-14,IMOEX,3465.83,3468.28,3457.31,3463.93,60647234066.33,6111462042305.668
2024-05-15,IMOEX,3466.35,3476.49,3462.86,3470.72,88168220628.54,6123429254503.529
2024-05-16,IMOEX,3480.48,3490.77,3477.85,3486.26,64512839673.38,6150859121812.372
2024-05-17,IMOEX,3495.25,3506.91,3490.17,3501.89,67229233018.49,6178424218434.928
2024-05-20,IMOEX,3516.4,3521.72,3468.09,3468.09,78261180618.47,6118798632792.729
2024-05-21,IMOEX,3447.25,3460.19,3409.92,3428.38,90881736070.67,6048734782839.823
2024-05-22,IMOEX,3433.36,3449.43,3433.36,3444.64,54366679137.33,6077426290288.004
2024-05-23,IMOEX,3436.81,3444.79,3407.41,3442.79,76066732376.7,6074162090779.057
2024-05-24,IMOEX,3438.65,3442.36,3377.64,3396.5,83826261455.52,5992483767839.743
2024-05-27,IMOEX,3384.74,3392.99,3298.21,3299.22,107526898028.24,5820854757293.982
2024-05-28,IMOEX,3305.11,3347.85,3277.48,3302.91,75451014221.56,5827366696547.622
2024-05-29,IMOEX,3307.76,3323.08,3284.14,3318.03,63583189080.35,5854038714952.98
2024-05-30,IMOEX,3332.77,3342.59,3275.54,3282.18,52811203261.99,5790787193836.7705
2024-05-31,IMOEX,3258.52,3270.01,3211.19,3217.19,74789122409.07,5676137159603.447
2024-06-03,IMOEX,3192.3,3217.36,3087.99,3141.42,134863407059.92,5542443994414.274
2024-06-04,IMOEX,3160.01,3201.53,3138.25,3186.93,76984017380.19,5622744409114.521
2024-06-05,IMOEX,3217.63,3237.53,3194.73,3212.24,75207250054.54,5667403800885.753
2024-06-06,IMOEX,3206.74,3215.99,3178.21,3192.38,46866503991.39,5632363486476.162
2024-06-07,IMOEX,3199.75,3268.89,3193.57,3233.22,91086045033.89,5704412983786.061
2024-06-10,IMOEX,3245.4,3255.49,3180.21,3180.94,69816938309.06,5612170930252.225
2024-06-11,IMOEX,3178.71,3191.27,3148.22,3171.1,71342883847.77,5594815463841.247
2024-06-13,IMOEX,3050.03,3178.01,3032.05,3171.69,99225234409.93,5595845621882.971
2024-06-14,IMOEX,3171.78,3219.65,3160.17,3215.91,61274525935.76,5673867279780.672
2024-06-17,IMOEX,3219.29,3221.84,3183.68,3183.68,53695026325.72,5617008162824.627
2024-06-18,IMOEX,3171.38,3176.01,3109.09,3114.15,64497869312.31,5494343121330.98
2024-06-19,IMOEX,3104.22,3107.39,3015.84,3027.47,96431284649.27,5341405221419.167
2024-06-20,IMOEX,3034.39,3123.43,2996.44,3123.43,178667728065.76,5510702582471.274
2024-06-21,IMOEX,3126.25,3141.25,3096.63,3114.35,57321266627.99,5733418711926.534
2024-06-24,IMOEX,3109.22,3127.64,3092.83,3098.05,53508936465.92,5703420940821.755
2024-06-25,IMOEX,3097.98,3112.82,3074.51,3111.39,48098553363.25,5727969256288.41
2024-06-26,IMOEX,3129.01,3156.02,3127.65,3151.7,61467099536.88,5802182250543.564
2024-06-27,IMOEX,3154.58,3158.4,3122.08,3150.32,57459869444.9,5799643909567.68
2024-06-28,IMOEX,3150.22,3165.31,3141.37,3154.36,49111799880.19,5807074902615.016
2024-07-01,IMOEX,3160.7,3186.76,3153.93,3186.19,52689785699.36,5865672041113.832
2024-07-02,IMOEX,3199.03,3221.5,3190.18,3217.29,64108022119.4,5922921520703.442
2024-07-03,IMOEX,3219.11,3226.16,3196.31,3203.07,66528489246.6,5896752765207.672
2024-07-04,IMOEX,3190.58,3195.67,3123.92,3133.81,67804642568.03,5769255333323.733
2024-07-05,IMOEX,3131.87,3158.83,3103.49,3149.29,78455302897.41,5797747954766.781
2024-07-08,IMOEX,3159.18,3174.42,3122.91,3132.58,57833893115.34,5766978063226.56
2024-07-09,IMOEX,3123.91,3124.74,3050.05,3054.07,82095715825.29,5622453820325.852
2024-07-10,IMOEX,3044.66,3056.98,2967.45,2975.75,104732266214.36,5478264693091.985
2024-07-11,IMOEX,2908.02,2996.34,2901.61,2992.21,124876150388.24,5508556239374.213
2024-07-12,IMOEX,3004.64,3022.0,2957.91,2973.21,71455309280.41,5473586171330.908
2024-07-15,IMOEX,2986.32,2994.45,2910.48,2913.48,81299673295.8,5363628179510.812
2024-07-16,IMOEX,2914.0,2962.11,2879.23,2944.86,105077148856.9,5421404315654.455
2024-07-17,IMOEX,2963.21,2984.15,2938.47,2947.24,76001368591.84,5425783886704.943
2024-07-18,IMOEX,2922.77,2980.62,2908.07,2980.62,72509100456.96,5487224896816.515
2024-07-19,IMOEX,2988.27,3024.88,2974.62,3008.24,76586341501.8,5538067889443.282
2024-07-22,IMOEX,3023.1,3042.14,3010.15,3024.54,67161764469.53,5568076077188.141
2024-07-23,IMOEX,3032.53,3033.18,3003.69,3028.01,49765369487.69,5574473755056.744
2024-07-24,IMOEX,3029.12,3054.34,3015.78,3051.76,54541834247.66,5618193826423.214
2024-07-25,IMOEX,3044.6,3045.7,3019.61,3041.37,45402898686.65,5599069535066.849
2024-07-26,IMOEX,3034.31,3060.68,2972.53,2993.23,117295728436.57,5510434403142.867
2024-07-29,IMOEX,2979.43,2979.43,2906.95,2906.95,80012163595.47,5351598202489.541
2024-07-30,IMOEX,2906.66,2951.66,2895.25,2944.78,72640227262.16,5421253060119.404
2024-07-31,IMOEX,2952.19,2961.7,2927.05,2942.68,54526753602.44,5417379131337.019
2024-08-01,IMOEX,2950.86,2966.66,2935.69,2935.69,38981478051.05,5404520513014.436
2024-08-02,IMOEX,2927.77,2932.16,2887.3,2899.0,51177304095.63,5336959685233.494
2024-08-05,IMOEX,2859.12,2868.46,2807.05,2828.72,94554388275.77,5207578463628.052
2024-08-06,IMOEX,2839.41,2863.45,2814.15,2830.75,56190154161.13,5211331576691.471
2024-08-07,IMOEX,2840.21,2875.45,2803.47,2874.94,72944968965.92,5292678577947.311
2024-08-08,IMOEX,2877.8,2888.1,2846.93,2852.51,50925758473.76,5251383600612.379
2024-08-09,IMOEX,2841.82,2867.29,2829.72,2848.29,34210258006.59,5243616359729.679
2024-08-12,IMOEX,2840.33,2858.96,2814.58,2844.77,52648616171.28,5237127101385.223
2024-08-13,IMOEX,2858.93,2895.28,2858.93,2884.6,53550433182.7,5310464745835.849
2024-08-14,IMOEX,2894.3,2908.63,2867.64,2871.11,55379302091.44,5285618571591.738
2024-08-15,IMOEX,2865.45,2868.24,2835.69,2838.11,42770537783.08,5224873515729.932
2024-08-16,IMOEX,2838.78,2847.32,2825.12,2828.2,35419838940.4,5206624317921.922
2024-08-19,IMOEX,2819.72,2826.24,2775.64,2775.64,65134610086.68,5109872025630.132
2024-08-20,IMOEX,2780.43,2799.85,2749.26,2768.42,76630352630.9,5096578385308.785
2024-08-21,IMOEX,2771.15,2783.44,2744.51,2768.14,73178443981.36,5096065805888.018
2024-08-22,IMOEX,2774.49,2786.76,2725.47,2725.75,92476656421.35,5018013480065.154
2024-08-23,IMOEX,2718.11,2729.27,2650.19,2662.47,110196674146.95,4901515262643.792
2024-08-26,IMOEX,2746.97,2795.47,2726.98,2763.75,99653396406.07,5087971852834.718
2024-08-27,IMOEX,2784.24,2800.0,2726.48,2730.38,73047883312.0,5026549393386.556
2024-08-28,IMOEX,2729.72,2729.72,2664.3,2699.98,94586429599.75,4970574949068.017
2024-08-29,IMOEX,2714.44,2723.5,2679.43,2708.27,85021074135.97,4985832138302.3545
2024-08-30,IMOEX,2717.68,2724.53,2641.08,2650.32,84958860158.53,4879152970599.89
2024-09-02,IMOEX,2622.55,2627.58,2540.49,2545.07,108326589865.18,4685388354110.64
2024-09-03,IMOEX,2552.32,2603.01,2512.7,2524.38,117741356417.71,4647310125896.49
2024-09-04,IMOEX,2539.4,2605.15,2534.21,2605.15,76906287998.23,4795992442870.514
2024-09-05,IMOEX,2631.33,2662.0,2607.52,2621.62,94482305833.58,4826322218220.844
2024-09-06,IMOEX,2619.23,2648.38,2604.67,2623.37,59440728924.85,4829537708941.797
2024-09-09,IMOEX,2642.31,2703.58,2642.31,2703.17,71836158678.05,4976450007934.387
2024-09-10,IMOEX,2722.13,2729.73,2667.06,2671.38,68662304754.42,4917921773846.734
2024-09-11,IMOEX,2675.16,2690.58,2657.77,2668.03,44925881232.74,4911766410678.099
2024-09-12,IMOEX,2656.31,2656.31,2603.81,2615.0,63903593629.84,4814125968821.904
2024-09-13,IMOEX,2629.31,2682.16,2582.79,2678.99,122001987216.4,4931930570750.306
2024-09-16,IMOEX,2696.66,2746.11,2685.38,2744.2,83013075200.0,5051993307319.032
2024-09-17,IMOEX,2753.2,2780.24,2726.91,2774.04,79582960417.52,5106916684057.6
2024-09-18,IMOEX,2776.38,2784.15,2742.48,2751.73,69307069306.58,5065848160925.87
2024-09-19,IMOEX,2746.41,2777.93,2735.67,2758.91,70338853740.8,5079066144594.417
2024-09-20,IMOEX,2760.12,2795.72,2760.12,2782.35,60484298738.62,5511430740808.556
2024-09-23,IMOEX,2797.0,2832.22,2797.0,2819.87,82240145601.76,5585760112017.205
2024-09-24,IMOEX,2849.0,2871.96,2822.19,2871.96,113461496980.82,5688929471817.472
2024-09-25,IMOEX,2878.59,2887.68,2829.75,2830.11,109827272627.75,5606038200912.232
2024-09-26,IMOEX,2819.74,2847.78,2807.3,2829.65,85196945380.32,5605136020113.839
2024-09-27,IMOEX,2838.11,2861.95,2826.89,2858.56,59513508934.87,5662384401520.504
2024-09-30,IMOEX,2861.37,2889.87,2841.3,2857.56,95737568417.04,5660404136293.379
2024-10-01,IMOEX,2831.17,2837.42,2792.21,2814.19,98224295179.5,5574493707581.806
2024-10-02,IMOEX,2823.42,2838.77,2766.79,2766.79,84560332899.84,5480616203547.536
2024-10-03,IMOEX,2767.51,2790.98,2739.92,2782.39,87671468722.59,5511518147802.202
2024-10-04,IMOEX,2799.96,2818.12,2789.94,2804.62,56229804004.11,5555553776968.927
2024-10-07,IMOEX,2807.85,2817.45,2779.34,2793.84,54269115201.06,5534192041412.661
2024-10-08,IMOEX,2786.58,2799.3,2774.74,2788.37,51851658333.37,5523348720025.422
2024-10-09,IMOEX,2787.38,2790.14,2748.81,2748.81,57169478963.14,5444996738827.909
2024-10-10,IMOEX,2754.16,2775.86,2752.24,2761.54,46545077193.42,5470220005250.235
2024-10-11,IMOEX,2758.11,2763.0,2737.96,2754.52,47511181067.78,5456299427716.553
2024-10-14,IMOEX,2744.93,2788.18,2723.3,2773.36,79902621806.91,5477950938147.688
2024-10-15,IMOEX,2774.56,2810.13,2766.79,2805.79,58693120361.44,5542007246513.142
2024-10-16,IMOEX,2805.98,2827.15,2781.28,2783.46,64909278303.74,5497916816524.153
2024-10-17,IMOEX,2786.82,2795.14,2763.53,2763.53,50966828617.82,5458533550311.619
2024-10-18,IMOEX,2756.3,2770.45,2744.36,2751.9,51860633640.68,5435578298744.082
2024-10-21,IMOEX,2759.58,2779.73,2759.58,2767.71,56778263660.35,5466798659768.81
2024-10-22,IMOEX,2772.23,2783.82,2754.08,2755.19,51686245338.62,5442064646306.085
2024-10-23,IMOEX,2749.53,2755.22,2730.49,2734.93,58973318264.93,5402048163170.996
2024-10-24,IMOEX,2723.04,2730.58,2690.83,2718.42,59473925689.49,5369445251853.445
2024-10-25,IMOEX,2723.01,2751.23,2657.31,2660.36,122703298567.75,5254762291722.089
2024-10-28,IMOEX,2635.95,2652.12,2570.2,2575.06,107753511272.85,5086266697844.117
2024-10-29,IMOEX,2582.29,2612.94,2557.65,2599.66,84296601420.53,5134856503432.507
2024-10-30,IMOEX,2608.5,2631.8,2592.15,2615.38,63201741080.99,5165914596153.929
2024-10-31,IMOEX,2582.47,2593.11,2551.2,2560.2,71471789145.84,5056923788308.386
2024-11-01,IMOEX,2562.49,2581.47,2541.82,2574.71,69804796929.25,5085588715101.291
2024-11-02,IMOEX,2579.11,2603.1,2579.11,2594.38,35242560105.29,5124445237234.127
2024-11-05,IMOEX,2614.13,2624.13,2600.48,2616.51,47706690692.71,5168152800578.855
2024-11-06,IMOEX,2676.85,2712.29,2650.6,2662.87,136880845463.0,5259726049675.009
2024-11-07,IMOEX,2662.87,2693.93,2633.59,2690.63,75952754512.47,5314542709280.235
2024-11-08,IMOEX,2721.64,2749.62,2713.5,2734.56,91380332226.12,5401329158863.508
2024-11-11,IMOEX,2782.97,2797.94,2765.18,2785.31,117885566768.21,5501571564982.462
2024-11-12,IMOEX,2779.92,2779.92,2747.76,2756.76,76121460720.21,5445169610547.263
2024-11-13,IMOEX,2748.61,2771.67,2740.17,2763.99,72750219157.41,5459451893728.682
2024-11-14,IMOEX,2740.53,2740.53,2694.56,2697.47,72939358165.15,5328053923079.15
2024-11-15,IMOEX,2703.67,2740.08,2697.44,2739.21,67367423375.4,5410511257864.637
2024-11-18,IMOEX,2703.31,2729.49,2687.45,2720.77,94834420304.36,5374082712687.057
2024-11-19,IMOEX,2713.73,2716.38,2623.59,2630.51,118720117088.93,5195800841841.6875
2024-11-20,IMOEX,2640.09,2665.79,2596.06,2596.89,92951735017.04,5129396551919.959
2024-11-21,IMOEX,2596.85,2606.14,2557.54,2568.6,106854126928.31,5073522749807.6
2024-11-22,IMOEX,2617.66,2628.5,2577.0,2581.05,86859377531.06,5098099187711.563
2024-11-25,IMOEX,2583.42,2592.89,2517.58,2530.69,90550582870.33,4937667176383.47
2024-11-26,IMOEX,2521.89,2544.83,2455.47,2464.35,130236296225.19,4808222998664.669
2024-11-27,IMOEX,2468.73,2512.59,2426.02,2491.88,167846867706.32,4861939738012.919
2024-11-28,IMOEX,2530.87,2560.55,2502.0,2547.88,112723609734.02,4971211487986.993
2024-11-29,IMOEX,2546.13,2581.88,2533.99,2578.0,106300055910.89,5029979283699.619
2024-12-02,IMOEX,2584.19,2600.28,2578.52,2586.74,81910300544.3,5047020292554.428
2024-12-03,IMOEX,2585.34,2588.87,2523.54,2539.64,77669897357.02,4920112540224.606
2024-12-04,IMOEX,2538.24,2555.99,2482.37,2485.62,86617126357.72,4815472058415.979
2024-12-05,IMOEX,2473.75,2525.45,2438.84,2510.83,115562958918.94,4864309331094.77
2024-12-06,IMOEX,2527.04,2552.6,2505.9,2536.23,89323737028.4,4913509550060.843
2024-12-09,IMOEX,2548.08,2586.31,2543.94,2572.89,73923620135.87,4984542202598.025
2024-12-10,IMOEX,2570.01,2570.01,2515.76,2522.75,78006621722.54,4887391892172.896
2024-12-11,IMOEX,2514.78,2531.95,2499.82,2512.54,62860892861.29,4867612791610.16
2024-12-12,IMOEX,2526.66,2548.06,2488.08,2492.63,70292788307.46,4829045455089.618
2024-12-13,IMOEX,2478.78,2487.42,2466.73,2485.2,57518220727.43,4814659847385.524
2024-12-16,IMOEX,2474.62,2474.62,2419.57,2420.3,74593167173.6,4688917568782.647
2024-12-17,IMOEX,2391.49,2414.17,2370.28,2377.15,70220415247.65,4605315415461.679
2024-12-18,IMOEX,2394.47,2410.19,2380.5,2409.35,57219052976.57,4667709014526.228
2024-12-19,IMOEX,2428.56,2468.98,2410.22,2416.45,140860957167.26,4681458115704.874
2024-12-20,IMOEX,2420.45,2652.58,2419.65,2638.42,241593379841.51,5706116813191.087
2024-12-23,IMOEX,2668.72,2738.7,2658.64,2702.48,195245804128.16,5844664389718.985
2024-12-24,IMOEX,2710.92,2722.65,2678.86,2690.96,122949136551.27,5819747764533.449
2024-12-25,IMOEX,2680.25,2751.11,2666.38,2732.83,147108448115.16,5910295323978.571
2024-12-26,IMOEX,2749.49,2776.33,2738.31,2766.57,109309247206.51,5983264036615.047
2024-12-27,IMOEX,2754.56,2766.03,2743.18,2757.45,73072352135.11,5963554176453.965
2024-12-28,IMOEX,2763.48,2798.49,2763.48,2786.67,78817484706.07,6026747653121.912
2024-12-30,IMOEX,2809.12,2883.04,2809.12,2883.04,83424690079.4,6235166029489.137
2025-01-03,IMOEX,2892.64,2898.71,2815.2,2828.5,66657301223.25,6117196782830.674
2025-01-06,IMOEX,2813.32,2822.34,2794.2,2816.26,44096480741.07,6090740520290.693
2025-01-08,IMOEX,2814.88,2847.49,2813.39,2840.79,45261512388.75,6143789556771.317
2025-01-09,IMOEX,2841.61,2853.96,2768.58,2773.12,104232759034.68,5997428674539.202
2025-01-10,IMOEX,2767.27,2843.34,2744.58,2824.59,156138465906.66,6108744753644.671
2025-01-13,IMOEX,2852.31,2882.49,2835.12,2866.11,143088428936.74,6198541754223.585
2025-01-14,IMOEX,2847.36,2881.79,2828.41,2859.51,101094744723.59,6184270894480.615
2025-01-15,IMOEX,2867.93,2879.64,2838.59,2842.96,72617602967.54,6148477461528.841
2025-01-16,IMOEX,2893.67,2929.28,2892.47,2911.29,110681339886.9,6296250937665.5625
2025-01-17,IMOEX,2905.26,2949.7,2893.16,2945.52,112324572443.12,6370283835328.933
2025-01-20,IMOEX,2974.56,2983.3,2918.34,2929.55,142165381310.62,6335737314138.192
2025-01-21,IMOEX,2918.08,2937.32,2884.94,2934.71,90754857266.51,6346913692089.728
2025-01-22,IMOEX,2944.63,2972.83,2924.74,2972.62,93131294269.36,6428891222135.182
2025-01-23,IMOEX,2942.62,2944.4,2910.26,2926.1,73776565458.26,6328285340902.291
2025-01-24,IMOEX,2953.18,2969.31,2933.71,2947.94,100588799910.2,6375513674046.008
2025-01-27,IMOEX,2942.45,2946.36,2885.49,2891.39,74492100551.63,6253209950411.542
2025-01-28,IMOEX,2890.62,2934.65,2866.81,2931.97,85802124548.44,6340986192088.147
2025-01-29,IMOEX,2930.86,2957.64,2925.49,2950.68,70527538069.17,6381448700104.456
2025-01-30,IMOEX,2947.03,2967.47,2940.3,2967.47,75310370495.61,6417756926934.306
2025-01-31,IMOEX,2984.99,2995.45,2940.12,2948.1,95237925481.19,6375873350678.499
2025-02-03,IMOEX,2933.84,2942.79,2912.51,2926.17,70297603872.9,6328436248348.911
2025-02-04,IMOEX,2942.35,2947.7,2907.31,2917.71,61369588030.87,6310136316747.645
2025-02-05,IMOEX,2902.15,2936.42,2889.87,2930.56,92218323516.4,6337931786413.195
2025-02-06,IMOEX,2962.02,2984.89,2949.69,2970.12,114890298124.4,6423488546392.65
2025-02-07,IMOEX,2982.88,2985.36,2958.04,2966.53,69576280125.03,6415727847414.345
2025-02-10,IMOEX,2991.99,3020.01,2982.39,3012.39,94344530914.86,6514916996721.408
2025-02-11,IMOEX,2992.37,3019.61,2982.61,3018.02,88785519420.91,6527072561156.571
2025-02-12,IMOEX,3040.72,3059.35,3020.6,3025.63,114304859366.13,6543544853129.598
2025-02-13,IMOEX,3226.02,3247.68,3144.12,3206.97,243307598683.45,6935723764808.512
2025-02-14,IMOEX,3265.12,3288.32,3150.82,3185.0,266220027377.51,6888201322371.065
2025-02-17,IMOEX,3255.81,3316.76,3244.8,3308.41,149874317761.62,7155111803656.862
2025-02-18,IMOEX,3314.88,3333.38,3252.74,3258.76,191407327762.31,7047734135668.094
2025-02-19,IMOEX,3273.05,3287.75,3221.53,3270.64,98152313600.56,7073432200449.687
2025-02-20,IMOEX,3294.54,3325.5,3277.51,3292.62,105288740039.46,7120954272947.813
2025-02-21,IMOEX,3310.03,3320.05,3258.82,3283.29,94601047430.17,7100792330158.207
2025-02-24,IMOEX,3310.75,3316.42,3272.99,3303.63,87195616629.4,7144764358692.558
2025-02-25,IMOEX,3362.15,3371.06,3320.24,3326.14,139815174833.9,7193456708246.5
2025-02-26,IMOEX,3338.4,3339.41,3233.39,3276.0,134684772736.37,7085025987193.121
2025-02-27,IMOEX,3249.63,3261.13,3190.72,3232.65,101069017703.52,6991269568114.285
2025-02-28,IMOEX,3199.93,3210.07,3149.37,3200.48,112667204934.97,6921690845484.8125
2025-03-03,IMOEX,3189.81,3191.13,3127.69,3145.73,100920807836.72,6803285639453.099
2025-03-04,IMOEX,3201.83,3246.09,3194.28,3241.63,117348109688.78,7010675906485.2
2025-03-05,IMOEX,3242.44,3282.15,3231.3,3263.62,98511631176.97,7058251080815.743
2025-03-06,IMOEX,3230.89,3234.26,3188.78,3207.7,93757729908.38,6937301497088.916
2025-03-07,IMOEX,3229.51,3249.0,3160.45,3166.88,142723090989.53,6849024413645.678
2025-03-10,IMOEX,3224.63,3226.58,3195.24,3200.81,69032353836.65,6922393321919.97
2025-03-11,IMOEX,3193.02,3215.06,3178.42,3200.95,64260658116.68,6922701058354.726
2025-03-12,IMOEX,3185.44,3194.93,3160.01,3183.97,60401903976.43,6885979111024.499
2025-03-13,IMOEX,3149.33,3160.37,3100.06,3121.57,102817873366.44,6751038920184.849
2025-03-14,IMOEX,3158.4,3200.36,3135.0,3195.08,78071920208.37,6910021166304.887
2025-03-17,IMOEX,3249.15,3257.33,3213.42,3245.19,88624476635.89,7018375136356.164
2025-03-18,IMOEX,3263.17,3280.09,3227.47,3257.49,96079300643.0,7044995370297.678
2025-03-19,IMOEX,3213.51,3236.47,3192.85,3229.79,75790117136.46,6985074339850.378
2025-03-20,IMOEX,3238.0,3240.5,3180.46,3223.14,116657266147.77,6970697998865.281
2025-03-21,IMOEX,3218.29,3237.19,3191.61,3191.61,73605212102.86,7102075447275.74
2025-03-24,IMOEX,3201.66,3202.62,3171.13,3178.66,58379660296.14,7073257439051.564
2025-03-25,IMOEX,3186.87,3194.43,3122.61,3164.62,83460154708.66,7042019534434.232
2025-03-26,IMOEX,3195.03,3200.02,3143.65,3146.31,47013734996.69,7001258101471.472
2025-03-27,IMOEX,3120.47,3124.32,3076.04,3083.99,76693759579.93,6862584296053.61
2025-03-28,IMOEX,3055.81,3082.26,3001.62,3025.65,106840287422.91,6732770610664.845
2025-03-31,IMOEX,3008.6,3031.6,2970.94,3013.36,77261451789.14,6705428565443.973
2025-04-01,IMOEX,3032.41,3044.23,2952.04,2964.43,87837840799.21,6596538375525.399
2025-04-02,IMOEX,2919.67,2958.4,2917.94,2926.39,71073875809.44,6511905551638.688
2025-04-03,IMOEX,2957.64,2972.49,2853.76,2859.58,91410802984.29,6363222249473.834
2025-04-04,IMOEX,2886.61,2902.62,2778.43,2781.97,130180406467.06,6190536816885.512
2025-04-07,IMOEX,2648.09,2791.28,2646.7,2729.89,165631517212.63,6074631801468.708
2025-04-08,IMOEX,2775.78,2780.46,2727.98,2746.41,74147241560.1,6111400954045.225
2025-04-09,IMOEX,2689.77,2707.15,2598.85,2650.69,123796927496.61,5898402648409.231
2025-04-10,IMOEX,2790.31,2801.19,2742.48,2764.28,90685181557.81,6151158842571.267
2025-04-11,IMOEX,2825.03,2839.28,2800.69,2829.92,77171023243.24,6297225421136.253
2025-04-14,IMOEX,2848.99,2856.63,2806.95,2819.69,56665018668.12,6274473397355.102
2025-04-15,IMOEX,2824.64,2836.0,2788.26,2805.55,52949212576.47,6242991095762.92
2025-04-16,IMOEX,2801.01,2870.39,2790.7,2861.83,62512374743.03,6368234199330.573
2025-04-17,IMOEX,2863.2,2884.76,2844.33,2865.32,63291965849.84,6375992529844.25
2025-04-18,IMOEX,2881.79,2892.01,2825.41,2872.77,72357256442.12,6392584716245.822
2025-04-21,IMOEX,2881.23,2929.91,2880.01,2922.46,67846215313.78,6503157368008.989
2025-04-22,IMOEX,2945.13,2954.49,2914.37,2954.49,71092225646.54,6574427765379.317
2025-04-23,IMOEX,2929.78,2946.43,2900.32,2943.23,74895269542.48,6549378456045.024
2025-04-24,IMOEX,2961.81,2973.99,2934.79,2944.43,56240325645.52,6552043276268.291
2025-04-25,IMOEX,2962.11,3009.48,2956.8,3006.14,101002756950.9,6689364586328.325
2025-04-28,IMOEX,3009.92,3053.15,2979.14,3034.3,142384838969.73,6752020176387.033
2025-04-29,IMOEX,2994.64,2998.68,2955.18,2957.66,67941933900.17,6581473450148.389
2025-04-30,IMOEX,2923.86,2954.21,2887.83,2918.47,83173583444.46,6494274087748.903
2025-05-02,IMOEX,2872.87,2877.83,2835.04,2836.7,35546665389.24,6312306060684.317
2025-05-05,IMOEX,2810.36,2821.54,2731.74,2738.8,69987769909.13,6094466502708.839
2025-05-06,IMOEX,2740.17,2826.61,2738.5,2820.07,70341297565.96,6275304811130.833
2025-05-07,IMOEX,2807.12,2845.14,2790.14,2833.09,58928692210.85,6304275064090.289
2025-05-08,IMOEX,2864.76,2873.66,2834.59,2850.93,39773463974.6,6343984761007.054
2025-05-12,IMOEX,2936.83,2947.07,2904.77,2930.17,59831950649.59,6520299426732.023
2025-05-13,IMOEX,2941.74,2941.93,2911.05,2935.53,44273566802.89,6532226643489.302
2025-05-14,IMOEX,2917.17,2946.37,2909.54,2924.21,40661268655.02,6507053237174.738
2025-05-15,IMOEX,2875.03,2877.46,2823.19,2840.05,69588591440.84,6319776237784.106
2025-05-16,IMOEX,2848.05,2876.67,2781.0,2840.34,93558691080.35,6320420516709.523
2025-05-19,IMOEX,2879.77,2893.56,2862.6,2882.63,39326563680.63,6414510573640.526
2025-05-20,IMOEX,2859.26,2862.0,2823.42,2823.42,39769524063.87,6282762909842.549
2025-05-21,IMOEX,2833.08,2844.04,2806.38,2809.58,47379328607.95,6251958930543.52
2025-05-22,IMOEX,2784.81,2809.47,2756.04,2792.16,79283281484.76,6213211748266.702
2025-05-23,IMOEX,2779.56,2790.29,2762.67,2770.1,40903464636.02,6164120306450.752
2025-05-26,IMOEX,2735.78,2738.27,2699.84,2699.84,48164875027.23,6007769533630.114
2025-05-27,IMOEX,2718.11,2740.05,2705.78,2736.75,51811655333.26,6089906056864.558
2025-05-28,IMOEX,2754.0,2799.5,2747.96,2785.2,71681222468.08,6197725103095.466
2025-05-29,IMOEX,2811.66,2839.97,2800.93,2809.94,45009849636.55,6252759981874.127
2025-05-30,IMOEX,2814.06,2837.85,2793.15,2828.83,55208172949.3,6294792080316.485
2025-06-02,IMOEX,2795.02,2830.55,2770.04,2829.67,65727573139.91,6296676336010.481
2025-06-03,IMOEX,2817.23,2835.39,2807.63,2834.06,60948043582.13,6306442968122.72
2025-06-04,IMOEX,2854.36,2871.78,2825.52,2836.64,80568418214.68,6312187652414.331
2025-06-05,IMOEX,2853.2,2858.23,2837.61,2856.61,40450527964.88,6356628890401.257
2025-06-06,IMOEX,2856.63,2910.52,2784.0,2786.16,154530227785.08,6199858509656.695
2025-06-09,IMOEX,2767.94,2778.4,2733.75,2737.76,51603508942.69,6092150778642.154
2025-06-10,IMOEX,2762.46,2767.14,2702.29,2722.37,55508204389.53,6057910101029.116
2025-06-11,IMOEX,2719.6,2742.45,2718.98,2733.2,41462363496.51,6082008787044.889
2025-06-13,IMOEX,2732.21,2762.76,2732.2,2750.32,30849957540.22,6120097910438.86
2025-06-16,IMOEX,2758.97,2767.51,2731.24,2737.83,48522580799.06,6092297870736.699
2025-06-17,IMOEX,2737.85,2791.03,2730.27,2788.94,49557369072.27,6206044507657.238
2025-06-18,IMOEX,2799.02,2807.34,2779.68,2791.83,46739818362.12,6212464954309.869
2025-06-19,IMOEX,2793.74,2800.14,2761.76,2783.81,57804054062.32,6194626703598.8125
2025-06-20,IMOEX,2776.11,2781.08,2748.57,2751.04,51538481562.4,5959085036890.907
2025-06-23,IMOEX,2753.6,2768.93,2736.41,2759.67,45783765846.24,5977772036327.101
2025-06-24,IMOEX,2726.43,2747.9,2715.79,2744.95,47521354595.73,5945895430548.578
2025-06-25,IMOEX,2762.61,2790.78,2759.92,2790.78,48303135160.49,6045159601739.119
2025-06-26,IMOEX,2794.0,2803.45,2780.49,2797.27,38331797758.76,6059219541012.383
2025-06-27,IMOEX,2790.67,2814.29,2778.57,2806.11,45799679868.73,6078367133894.583
2025-06-30,IMOEX,2818.98,2847.38,2806.49,2847.38,66484573184.81,6167765058522.86
2025-07-01,IMOEX,2854.04,2858.55,2837.12,2848.44,69425672392.96,6170057760394.016
2025-07-02,IMOEX,2838.45,2840.66,2810.0,2815.26,63635726178.04,6098199643076.386
2025-07-03,IMOEX,2821.21,2840.13,2812.07,2823.34,77723857740.59,6115699090095.622
2025-07-04,IMOEX,2808.3,2821.15,2788.9,2801.65,45863630117.59,6068710590846.952
2025-07-07,IMOEX,2786.06,2788.67,2753.69,2756.14,46525801142.75,5970130173444.963
2025-07-08,IMOEX,2748.19,2764.75,2738.75,2755.58,50788012422.24,5968917636591.087
2025-07-09,IMOEX,2733.01,2735.07,2684.87,2696.45,64573723902.36,5840836432548.159
2025-07-10,IMOEX,2724.64,2735.15,2705.98,2732.45,53613145970.75,5918827128612.508
2025-07-11,IMOEX,2705.46,2707.82,2638.08,2642.02,81023378446.44,5722943001309.624
2025-07-14,IMOEX,2616.31,2722.53,2616.03,2714.14,81246713321.75,5879150812349.503
2025-07-15,IMOEX,2750.37,2761.82,2734.8,2756.95,64553644858.12,5971895046658.657
2025-07-16,IMOEX,2758.65,2784.82,2747.82,2777.16,62784837821.98,6015664067704.01
2025-07-17,IMOEX,2787.8,2788.3,2754.86,2761.48,71686135900.71,5981708303506.765
2025-07-18,IMOEX,2758.28,2789.39,2715.11,2784.63,100404687263.68,6031842842777.117
2025-07-21,IMOEX,2816.11,2827.94,2804.14,2821.78,57107301321.22,6112308203987.925
2025-07-22,IMOEX,2811.64,2833.84,2801.11,2825.61,49402127980.31,6120606204851.702
2025-07-23,IMOEX,2839.41,2849.8,2829.25,2841.16,53230259496.54,6154295540352.662
2025-07-24,IMOEX,2837.72,2838.22,2806.64,2807.69,41483352500.08,6081799088953.914
2025-07-25,IMOEX,2819.07,2827.03,2767.44,2772.39,84093025461.33,6005333434177.068
2025-07-28,IMOEX,2760.9,2783.82,2726.61,2730.98,85897967461.24,5915635271070.918
2025-07-29,IMOEX,2739.49,2764.03,2728.97,2758.28,55423064774.49,5974779469365.529
2025-07-30,IMOEX,2751.92,2754.35,2718.65,2726.24,38494074538.53,5905374267512.255
2025-07-31,IMOEX,2737.13,2741.14,2713.68,2732.12,56396889695.86,5918101963900.261
2025-08-01,IMOEX,2749.41,2755.95,2724.54,2727.98,35703010901.17,5909133856876.129
2025-08-04,IMOEX,2733.23,2776.99,2727.86,2773.85,44018675048.71,6008488568842.016
2025-08-05,IMOEX,2784.71,2792.51,2764.77,2786.37,47495676390.44,6035617857443.493
2025-08-06,IMOEX,2791.29,2798.21,2754.51,2764.62,51260270133.15,5988503221097.142
2025-08-07,IMOEX,2836.05,2915.43,2824.78,2876.43,140742015844.06,6230688463732.088
2025-08-08,IMOEX,2894.58,2926.98,2872.12,2924.63,72584470577.05,6335107926048.35
2025-08-11,IMOEX,2991.68,2996.4,2956.94,2964.15,83503648176.61,6420716440504.804
2025-08-12,IMOEX,2959.97,2980.01,2952.34,2977.18,58658266015.1,6448923360693.992
2025-08-13,IMOEX,2987.6,2988.06,2959.75,2973.02,61376520416.85,6439930042586.9375
2025-08-14,IMOEX,2945.01,2985.27,2933.82,2977.34,70968917722.65,6449286998323.165
2025-08-15,IMOEX,2987.67,3014.21,2978.69,3012.09,63536795939.92,6524556747900.2705
2025-08-18,IMOEX,2949.46,2972.97,2941.7,2951.26,54128739716.27,6392782398069.227
2025-08-19,IMOEX,3000.75,3006.13,2962.37,2965.66,57804101035.2,6423981293521.319
2025-08-20,IMOEX,2974.56,2977.26,2928.85,2940.78,47978860165.93,6370076236581.653
2025-08-21,IMOEX,2933.1,2935.48,2879.36,2883.5,70997427899.33,6246006158932.96
2025-08-22,IMOEX,2882.95,2903.48,2876.26,2896.76,46748767886.65,6274729020475.364
2025-08-25,IMOEX,2886.35,2890.83,2857.97,2887.24,42406521988.24,6254105711371.977
2025-08-26,IMOEX,2906.96,2915.46,2878.74,2885.87,32545421575.34,6251138623319.669
2025-08-27,IMOEX,2892.32,2916.92,2888.1,2911.48,45517659794.78,6306622158319.996
2025-08-28,IMOEX,2918.92,2919.01,2900.33,2912.72,35064336109.33,6309305687026.367
2025-08-29,IMOEX,2893.99,2904.14,2882.55,2899.38,66332952970.43,6280401458685.284
2025-09-01,IMOEX,2923.49,2925.02,2886.97,2886.97,32079260883.28,6253530050301.483
2025-09-02,IMOEX,2878.37,2883.35,2842.8,2845.39,50263918444.23,6163450530961.834
2025-09-03,IMOEX,2863.12,2875.01,2846.87,2867.55,32605528629.11,6211470526995.741
2025-09-04,IMOEX,2883.86,2894.49,2864.62,2873.7,39157301045.21,6224790455062.393
2025-09-05,IMOEX,2891.09,2906.7,2885.92,2901.45,33600744619.88,6284903024260.65
2025-09-08,IMOEX,2914.28,2921.62,2906.62,2921.62,36851331321.29,6328589955089.527
2025-09-09,IMOEX,2926.02,2939.2,2919.84,2935.96,47316620743.38,6359642468392.343
2025-09-10,IMOEX,2919.56,2938.36,2912.5,2914.26,41615897846.41,6312642946849.684
2025-09-11,IMOEX,2916.27,2916.35,2890.68,2908.14,68048594152.07,6299378674165.605
2025-09-12,IMOEX,2904.03,2905.68,2837.01,2839.73,87120713302.04,6151199977385.589
2025-09-15,IMOEX,2826.86,2834.6,2801.03,2809.85,52306902608.44,6086481657093.109
2025-09-16,IMOEX,2822.85,2831.8,2778.51,2802.77,60691941337.48,6071133350916.429
2025-09-17,IMOEX,2793.24,2823.75,2784.37,2814.04,50228974688.93,6095551630571.304
2025-09-18,IMOEX,2814.63,2816.84,2776.12,2793.58,64534882685.2,6051231600222.685
2025-09-19,IMOEX,2787.39,2794.33,2745.4,2748.06,73445397049.38,6280881085455.546
2025-09-22,IMOEX,2735.8,2748.52,2702.52,2741.06,71914879430.62,6264891788185.932
2025-09-23,IMOEX,2755.98,2769.88,2733.36,2758.65,46006255800.79,6305096715587.418
2025-09-24,IMOEX,2683.53,2745.14,2675.62,2723.58,57979240371.0,6224932950471.986
2025-09-25,IMOEX,2733.53,2738.58,2699.42,2708.68,32472201237.77,6190886639725.81
2025-09-26,IMOEX,2701.97,2725.97,2686.68,2725.97,45149230788.07,6230402571422.701
2025-09-29,IMOEX,2713.14,2744.8,2680.53,2684.09,60633693285.05,6134685582585.022
2025-09-30,IMOEX,2681.81,2689.6,2651.13,2684.6,59396346361.56,6135846640193.463
2025-10-01,IMOEX,2690.14,2692.19,2640.56,2647.25,51408354634.92,6050484088169.377
2025-10-02,IMOEX,2629.36,2648.67,2623.1,2632.07,47729249575.8,6015780876091.418
2025-10-03,IMOEX,2639.88,2649.57,2600.85,2604.55,45145995158.88,5952896570658.032
2025-10-06,IMOEX,2594.38,2651.14,2579.19,2648.5,70035449028.79,6053332468280.734
2025-10-07,IMOEX,2645.04,2673.27,2635.79,2668.6,51112468889.2,6099272888885.583
2025-10-08,IMOEX,2669.75,2677.75,2548.37,2562.51,86984564692.56,5856811678653.832
2025-10-09,IMOEX,2559.14,2645.81,2521.43,2638.37,105242727440.35,6030186448682.827
2025-10-10,IMOEX,2635.45,2640.07,2572.91,2588.56,56917663961.79,5916348397238.475
2025-10-13,IMOEX,2602.37,2611.54,2549.77,2576.38,60667691931.98,5888501769152.071
2025-10-14,IMOEX,2571.87,2575.76,2530.17,2541.49,50230320978.52,5808763905613.312
2025-10-15,IMOEX,2537.12,2564.83,2521.87,2545.22,54821947330.15,5817284495950.233
2025-10-16,IMOEX,2534.12,2617.18,2528.86,2607.78,68682717193.55,5960272258906.814
2025-10-17,IMOEX,2695.86,2734.79,2688.36,2721.14,69444543731.4,6219370068191.146
2025-10-20,IMOEX,2736.9,2757.39,2726.99,2744.83,50206066323.84,6273501845741.751
2025-10-21,IMOEX,2694.35,2715.78,2608.42,2632.42,76965518204.66,6016577947757.714
2025-10-22,IMOEX,2659.13,2678.25,2636.48,2653.0,44652274062.64,6063622658424.368
2025-10-23,IMOEX,2568.42,2582.67,2546.26,2570.67,61740731854.36,5875458089037.884
2025-10-24,IMOEX,2580.2,2606.81,2530.37,2543.93,71140729190.17,5814326434682.989
2025-10-27,IMOEX,2500.63,2506.3,2457.87,2476.79,66502938496.43,5660893474284.659
2025-10-28,IMOEX,2480.3,2515.91,2475.24,2495.09,59841714079.61,5702701206942.509
2025-10-29,IMOEX,2502.84,2531.25,2500.89,2523.35,43311229865.05,5767294561103.6
2025-10-30,IMOEX,2531.72,2567.79,2528.01,2557.48,56066023097.96,5845317418951.96
2025-10-31,IMOEX,2555.63,2556.72,2522.73,2525.2,31954746462.1,5771528589325.512
2025-11-01,IMOEX,2524.01,2534.73,2520.57,2532.66,12293466422.52,5788570614076.048
2025-11-03,IMOEX,2566.11,2579.91,2561.91,2570.96,17869489012.68,5876120590815.663
2025-11-05,IMOEX,2552.75,2579.16,2537.65,2546.62,47540011714.06,5820483073539.266
2025-11-06,IMOEX,2558.87,2560.25,2532.02,2542.7,28465685445.47,5811516875620.166
2025-11-07,IMOEX,2545.05,2573.84,2544.48,2566.42,41252834797.5,5865750346519.25
2025-11-10,IMOEX,2590.59,2600.19,2552.16,2558.6,54985990789.71,5847870547128.036
2025-11-11,IMOEX,2562.13,2576.62,2550.85,2566.17,34174826168.39,5865171374684.857
2025-11-12,IMOEX,2573.61,2576.65,2529.06,2536.22,49622476036.26,5796720835446.967
2025-11-13,IMOEX,2542.57,2550.96,2528.64,2543.36,49239634248.15,5813039518990.106
2025-11-14,IMOEX,2548.74,2550.93,2514.92,2525.68,41625685527.2,5772627582427.068
2025-11-17,IMOEX,2509.55,2521.49,2501.71,2510.64,44593116099.72,5738246587808.7705
2025-11-18,IMOEX,2506.61,2574.49,2492.2,2563.07,84984904108.65,5858072542609.227
2025-11-19,IMOEX,2576.51,2669.85,2558.51,2646.02,112974698957.0,6047661206791.735
2025-11-20,IMOEX,2635.22,2661.12,2617.57,2628.31,57179552425.69,6007189123003.177
2025-11-21,IMOEX,2679.54,2695.26,2650.06,2685.03,62103278268.31,6136836881155.472
2025-11-24,IMOEX,2703.18,2713.02,2645.91,2654.84,56176173894.58,6067828966881.806
2025-11-25,IMOEX,2672.67,2695.04,2639.72,2685.95,54439466329.66,6138925059082.345
2025-11-26,IMOEX,2676.81,2679.97,2660.88,2668.38,22940136033.11,6098772244891.098
2025-11-27,IMOEX,2672.82,2674.23,2605.13,2621.37,48473260066.19,5991322749316.852
2025-11-28,IMOEX,2627.9,2685.88,2623.38,2676.42,47725085596.55,6117141869426.12
2025-12-01,IMOEX,2674.51,2698.41,2662.86,2686.93,45867079858.8,6141174468977.367
2025-12-02,IMOEX,2683.76,2692.22,2657.52,2667.2,35458506865.41,6096089856334.419
2025-12-03,IMOEX,2640.22,2651.71,2619.88,2651.71,38777620458.29,6060685745750.1045
2025-12-04,IMOEX,2661.39,2668.09,2653.99,2657.13,27064354642.8,6073065200793.225
2025-12-05,IMOEX,2662.05,2718.32,2656.92,2711.3,63729346224.98,6196876819064.149
2025-12-08,IMOEX,2727.14,2739.74,2699.79,2705.17,49987817536.97,6182860580140.206
2025-12-09,IMOEX,2693.36,2721.82,2686.32,2702.72,38323911319.76,6177260960009.21
2025-12-10,IMOEX,2720.42,2730.6,2713.19,2720.66,29770372766.31,6218276678464.788
2025-12-11,IMOEX,2733.58,2761.94,2733.29,2748.93,64571117536.47,6282882073424.216
2025-12-12,IMOEX,2761.36,2769.35,2731.98,2739.49,49286655394.99,6261296489171.643
2025-12-15,IMOEX,2734.06,2751.7,2723.8,2748.93,42453166115.77,6282875163619.551
2025-12-16,IMOEX,2749.87,2779.73,2746.77,2774.23,48399192620.55,6340710451319.91
2025-12-17,IMOEX,2780.86,2781.97,2740.18,2759.73,59480135220.56,6307571501194.353
2025-12-18,IMOEX,2764.09,2772.87,2752.06,2753.07,72873454471.76,6292331335615.938
2025-12-19,IMOEX,2779.21,2791.25,2739.55,2743.09,99861443654.77,7181148705299.696
2025-12-22,IMOEX,2741.24,2741.34,2712.64,2715.98,63597635442.64,7110195224871.291
2025-12-23,IMOEX,2717.92,2733.17,2704.27,2725.38,50577949652.46,7134794997001.805
2025-12-24,IMOEX,2723.31,2733.38,2709.96,2720.02,38933276037.26,7120751388367.043
2025-12-25,IMOEX,2717.9,2722.91,2708.39,2714.12,31869623780.63,7105317021981.461
2025-12-26,IMOEX,2737.19,2760.53,2735.31,2754.89,54593962411.48,7212054047810.992
2025-12-29,IMOEX,2775.62,2819.33,2738.95,2742.03,91191850807.04,7178377049835.801
2025-12-30,IMOEX,2758.42,2775.2,2749.53,2766.62,39764162788.75,7242749893795.459
2026-01-05,IMOEX,2733.01,2760.06,2728.44,2757.09,24102395461.66,7217799413150.384
2026-01-06,IMOEX,2765.1,2767.32,2739.37,2745.26,23081588267.9,7186831091034.78
2026-01-08,IMOEX,2720.32,2732.75,2714.73,2718.62,19035664259.0,7117089412072.444
2026-01-09,IMOEX,2727.47,2730.17,2721.13,2724.85,13430289341.37,7133393600416.082
2026-01-12,IMOEX,2731.66,2733.82,2696.37,2701.93,62785178373.96,7073393783905.364
2026-01-13,IMOEX,2696.73,2705.25,2687.1,2696.92,48151107332.6,7060272783538.996
2026-01-14,IMOEX,2686.1,2716.21,2674.17,2702.69,54954268909.85,7075396511181.646
2026-01-15,IMOEX,2700.11,2711.59,2691.25,2701.32,33985595282.48,7071802356544.446
2026-01-16,IMOEX,2711.78,2740.26,2708.97,2733.75,48834080792.7,7156710312178.049
2026-01-19,IMOEX,2742.41,2757.17,2730.75,2750.25,42997249056.3,7199893657950.928
2026-01-20,IMOEX,2745.94,2746.26,2727.65,2738.07,44996433297.97,7168019091578.566
2026-01-21,IMOEX,2744.06,2778.68,2734.86,2770.53,64573912225.61,7252995956757.434
2026-01-22,IMOEX,2778.87,2790.1,2754.43,2768.02,56685448746.46,7246415353830.922
2026-01-23,IMOEX,2767.84,2783.21,2761.64,2777.29,30335507986.0,7270683982589.343
2026-01-26,IMOEX,2780.22,2780.22,2760.71,2768.15,47826660339.44,7246769002482.068
2026-01-27,IMOEX,2768.0,2783.73,2752.41,2781.39,62275997065.99,7281429592308.125
2026-01-28,IMOEX,2793.2,2799.85,2780.66,2788.01,58672705400.61,7298739482036.067
2026-01-29,IMOEX,2808.69,2843.63,2786.64,2797.76,143296634988.77,7324274441647.216
2026-01-30,IMOEX,2811.73,2813.82,2771.97,2782.74,73328350551.28,7284965820327.579
2026-02-02,IMOEX,2758.01,2780.52,2753.96,2768.56,65784537056.06,7247829912424.298
2026-02-03,IMOEX,2787.32,2794.19,2777.41,2786.15,61140182149.91,7293887453428.439
2026-02-04,IMOEX,2790.73,2803.76,2771.49,2776.31,66705189660.34,7268130183841.737
2026-02-05,IMOEX,2754.41,2758.03,2720.7,2737.13,65632038368.99,7165540022685.799
2026-02-06,IMOEX,2743.33,2744.98,2729.77,2735.43,45641330823.47,7161091954357.795
2026-02-09,IMOEX,2726.55,2728.45,2712.47,2725.64,41704683208.22,7135468501947.276
2026-02-10,IMOEX,2728.17,2740.39,2716.33,2717.04,52256690015.05,7112952479807.801
2026-02-11,IMOEX,2723.83,2762.5,2719.44,2757.75,70707043718.93,7219523564799.654
2026-02-12,IMOEX,2755.94,2771.4,2746.64,2765.66,44712511301.84,7240230870397.529
2026-02-13,IMOEX,2753.43,2781.2,2747.67,2776.34,79418744465.47,7268197152476.569
2026-02-16,IMOEX,2791.52,2795.9,2779.63,2782.6,59730540290.81,7284591711757.91
2026-02-17,IMOEX,2788.45,2791.68,2765.33,2765.33,48913353751.87,7239378370266.147
2026-02-18,IMOEX,2769.02,2780.17,2757.98,2779.08,58173615403.3,7275363255764.855
2026-02-19,IMOEX,2785.74,2793.07,2770.67,2772.84,50412310912.8,7259026803618.749
2026-02-20,IMOEX,2780.28,2786.16,2768.28,2780.6,48209046212.1,7279364758791.502
2026-02-24,IMOEX,2794.45,2809.49,2776.25,2777.35,48993351146.47,7270836948657.96
2026-02-25,IMOEX,2784.82,2798.35,2781.12,2795.39,48746320083.29,7318058534247.639
2026-02-26,IMOEX,2799.71,2803.39,2782.64,2785.58,34975479865.09,7292391513307.75
2026-02-27,IMOEX,2786.72,2804.1,2780.93,2799.14,41384141756.16,7327890753792.602
2026-03-02,IMOEX,2823.19,2851.0,2818.91,2835.65,115828257908.29,7423461487433.0205
2026-03-03,IMOEX,2848.66,2850.91,2820.68,2825.14,93178483245.82,7395940933107.093
2026-03-04,IMOEX,2824.16,2837.7,2803.8,2809.78,64926651792.87,7355743492592.0205
2026-03-05,IMOEX,2814.75,2827.56,2811.72,2825.0,53287164227.64,7395578451019.077
2026-03-06,IMOEX,2835.37,2862.8,2828.89,2854.11,94247339655.87,7471798917499.995
2026-03-09,IMOEX,2912.01,2912.01,2870.98,2888.68,78091669508.77,7562305666365.631
2026-03-10,IMOEX,2887.6,2891.54,2853.04,2853.86,80753396540.4,7471147824508.339
2026-03-11,IMOEX,2862.67,2873.91,2851.77,2854.05,51739292043.19,7471643135793.9
2026-03-12,IMOEX,2869.34,2877.39,2861.97,2872.08,45590362870.34,7518833272803.923
2026-03-13,IMOEX,2877.74,2891.29,2866.6,2871.86,50239868870.69,7518266427977.874
2026-03-16,IMOEX,2886.58,2889.23,2849.93,2853.72,70723689289.09,7470774220106.533
2026-03-17,IMOEX,2859.03,2865.09,2852.05,2853.53,44574461892.21,7470267275910.707
2026-03-18,IMOEX,2856.45,2876.49,2853.77,2871.72,85805000505.93,7517899131448.114
2026-03-19,IMOEX,2884.76,2892.95,2864.44,2868.99,99209476160.71,7510757597241.002
2026-03-20,IMOEX,2879.44,2889.39,2864.15,2864.89,59155686338.88,7543634343004.983
2026-03-23,IMOEX,2865.85,2875.22,2804.51,2833.43,119432170275.05,7460783625003.161
2026-03-24,IMOEX,2836.6,2843.19,2826.24,2837.9,55564279656.64,7472560502948.413
2026-03-25,IMOEX,2840.2,2841.94,2831.9,2840.14,40679208788.78,7478468672519.251
2026-03-26,IMOEX,2846.61,2847.76,2814.47,2822.84,67973519559.34,7432909492059.296
2026-03-27,IMOEX,2822.09,2829.75,2780.38,2789.61,72045978063.41,7345411959039.482
2026-03-30,IMOEX,2796.46,2814.54,2775.8,2800.69,68084780890.02,7374585304808.782
2026-03-31,IMOEX,2801.02,2801.1,2766.28,2776.37,59805588340.11,7310538185179.57
2026-04-01,IMOEX,2770.81,2787.45,2764.84,2775.24,54915977783.52,7307560141359.511
2026-04-02,IMOEX,2787.52,2787.68,2767.99,2774.41,51707861006.13,7305391768495.015
2026-04-03,IMOEX,2780.86,2783.05,2751.9,2760.7,58375468729.31,7269280316898.316
2026-04-06,IMOEX,2748.51,2788.27,2747.81,2784.87,58926990373.56,7332934488998.911
2026-04-07,IMOEX,2785.36,2803.61,2778.6,2797.24,56870857951.76,7365503626122.6
2026-04-08,IMOEX,2775.26,2776.9,2758.95,2765.06,46722241788.24,7280769674195.639
2026-04-09,IMOEX,2764.78,2770.31,2732.5,2733.4,45074107342.87,7197393620025.015
2026-04-10,IMOEX,2741.73,2747.15,2721.54,2725.39,33792553017.42,7176298102033.999
2026-04-13,IMOEX,2743.05,2746.8,2709.0,2722.69,45825970599.17,7169207086424.744
2026-04-14,IMOEX,2725.53,2730.48,2703.17,2725.51,41877655824.92,7176617644884.725
2026-04-15,IMOEX,2718.99,2745.64,2708.0,2740.45,44975548856.25,7215973690606.543
2026-04-16,IMOEX,2750.02,2764.32,2737.73,2741.14,51291499015.72,7217774952532.697
2026-04-17,IMOEX,2741.81,2758.66,2716.8,2723.94,68744075571.93,7172501384072.601
2026-04-20,IMOEX,2742.57,2757.62,2727.88,2753.66,50666063681.28,7250755620253.8125
2026-04-21,IMOEX,2748.47,2763.71,2737.36,2757.7,51652341230.7,7261377480193.894
2026-04-22,IMOEX,2760.12,2769.04,2752.73,2761.64,37767570339.89,7271771443791.193
2026-04-23,IMOEX,2770.57,2777.88,2762.99,2771.46,31348137915.29,7297620887680.984
2026-04-24,IMOEX,2775.48,2777.89,2729.64,2733.0,53751356960.38,7196357102705.104
2026-04-27,IMOEX,2728.45,2744.06,2724.36,2732.41,30539901638.76,7194792463838.744
2026-04-28,IMOEX,2736.16,2736.81,2695.36,2696.58,50766375119.23,7100455608233.247
2026-04-29,IMOEX,2702.11,2705.69,2628.98,2639.82,76583018751.62,6951005382151.291
2026-04-30,IMOEX,2652.56,2674.59,2648.94,2658.21,43827614421.9,6999428929260.391
2026-05-04,IMOEX,2653.73,2655.46,2605.24,2620.82,41957003546.14,6900973419568.333
2026-05-05,IMOEX,2617.07,2652.25,2590.66,2644.37,46072662288.64,6962968491048.922
2026-05-06,IMOEX,2634.93,2647.5,2612.46,2632.5,44193038403.79,6931711904835.96
2026-05-07,IMOEX,2622.74,2631.77,2611.09,2615.33,26968137875.9,6886502506817.14
2026-05-08,IMOEX,2610.4,2614.03,2597.55,2597.8,19286605860.6,6840350163174.965
2026-05-11,IMOEX,2646.25,2659.96,2642.76,2656.91,17421793772.24,6995998038827.472
2026-05-12,IMOEX,2655.78,2696.53,2651.61,2689.96,40828342436.7,7083026985951.054
